param_index, method, mname, commit, algo, epos, te_d, seed, params, acc, precision, recall, specificity, f1, auroc, binary_precision, binary_recall, binary_specificity, binary_f1_score, acc_oracle, acc_val, model_selection_epoch, experiment_duration
1, dann_dinov2, mname_dset_te_center0_dann_b8efecac6_not_commited_2024md_08md_02_13_10_34_seed_0_24046582, commit_b8efecac6_not_commited, dann, 4, center0, 0, "{'gamma_reg': 0.00010000000000000026}", 0.9328859, 0.5493675, 0.54171336, 0.54171336, 0.54505235, 0.80491334, 0.1369863, 0.11494253, 0.9684842, 0.125, 0.9328859, 0.95274585, 1, 2:10:46.206741
1, dann_dinov2, mname_dset_te_center0_dann_b8efecac6_not_commited_2024md_08md_02_15_32_36_seed_1_24046582, commit_b8efecac6_not_commited, dann, 10, center0, 1, "{'gamma_reg': 0.00010000000000000026}", 0.97115695, 0.8547708, 0.7422016, 0.7422016, 0.78678024, 0.90664166, 0.73142856, 0.4923077, 0.99209553, 0.58850574, 0.97147924, 0.96195304, 7, 5:08:53.030059
1, dann_dinov2, mname_dset_te_center0_dann_b8efecac6_not_commited_2024md_08md_02_20_51_20_seed_2_24046582, commit_b8efecac6_not_commited, dann, 4, center0, 2, "{'gamma_reg': 0.00010000000000000026}", 0.9548004, 0.4924599, 0.49864772, 0.49864772, 0.49195805, 0.55383205, 0.023809524, 0.004132231, 0.9931632, 0.007042253, 0.9567238, 0.96494967, 1, 2:07:03.793494
