param_index, method, mname, commit, algo, epos, te_d, seed, params, acc, precision, recall, specificity, f1, auroc, binary_precision, binary_recall, binary_specificity, binary_f1_score, acc_oracle, acc_val, model_selection_epoch, experiment_duration
2, dann_dinov2, mname_dset_te_center0_dann_b8efecac6_not_commited_2024md_08md_02_13_09_51_seed_0_24046583, commit_b8efecac6_not_commited, dann, 5, center0, 0, "{'gamma_reg': 9.99999999999994e-05}", 0.94630873, 0.63168836, 0.5945252, 0.5945252, 0.6093996, 0.8400727, 0.2972973, 0.21072797, 0.9783225, 0.24663676, 0.94630873, 0.9571094, 2, 2:59:12.439894
2, dann_dinov2, mname_dset_te_center0_dann_b8efecac6_not_commited_2024md_08md_02_16_18_24_seed_1_24046583, commit_b8efecac6_not_commited, dann, 6, center0, 1, "{'gamma_reg': 9.99999999999994e-05}", 0.9558492, 0.734313, 0.83719635, 0.83719635, 0.7749646, 0.92724717, 0.4816754, 0.7076923, 0.9667003, 0.5732087, 0.95681596, 0.95234793, 3, 3:32:06.854726
2, dann_dinov2, mname_dset_te_center0_dann_b8efecac6_not_commited_2024md_08md_02_19_59_43_seed_2_24046583, commit_b8efecac6_not_commited, dann, 6, center0, 2, "{'gamma_reg': 9.99999999999994e-05}", 0.95832664, 0.6641606, 0.54608506, 0.54608506, 0.56724006, 0.79396755, 0.36363637, 0.09917355, 0.9929965, 0.15584417, 0.96008974, 0.96590847, 3, 3:39:54.079387
