param_index,method,mname,commit,algo,epos,te_d,seed,params,acc,precision,recall,specificity,f1,auroc,binary_precision,binary_recall,binary_specificity,binary_f1_score,acc_oracle,acc_val,model_selection_epoch,experiment_duration
0,erm_dinov2,mname_2024md_08md_07_18_03_28_seed_0,commit_b44271c83_not_commited,erm,14,center0,0,{},0.94541,0.6282928,0.827511,0.827511,0.6778248,0.9287857,0.2642534,0.7036145,0.95140755,0.38421056,,,,
0,erm_dinov2,mname_2024md_08md_08_01_07_48_seed_1,commit_b44271c83_not_commited,erm,2,center0,1,{},0.95106,0.6316788,0.76808286,0.76808286,0.67317617,0.8850129,0.27464008,0.575406,0.96075964,0.37181407,,,,
0,erm_dinov2,mname_2024md_08md_08_03_41_21_seed_2,commit_b44271c83_not_commited,erm,1,center0,2,{},0.93658024,0.58652055,0.71208954,0.71208954,0.61752397,0.8317944,0.18667917,0.47607654,0.9481025,0.26819405,,,,
2,dann_dinov2,mname_2024md_08md_07_18_03_28_seed_0,commit_b44271c83_not_commited,dann,2,center0,0,{'gamma_reg': 1.0},0.9696139,0.5964715,0.5438296,0.5438296,0.5588237,0.74243855,0.21505377,0.09638554,0.9912737,0.13311148,,,,
2,dann_dinov2,mname_2024md_08md_07_21_12_57_seed_1,commit_b44271c83_not_commited,dann,4,center0,1,{'gamma_reg': 1.0},0.9636162,0.61633945,0.6050023,0.6050023,0.6103393,0.85092473,0.2525773,0.22737819,0.9826264,0.23931623,,,,
2,dann_dinov2,mname_2024md_08md_08_01_27_10_seed_2,commit_b44271c83_not_commited,dann,1,center0,2,{'gamma_reg': 1.0},0.9632095,0.49460697,0.4971537,0.4971537,0.49534532,0.32354182,0.013761468,0.0071770335,0.98713034,0.009433962,,,,
1,dann_dinov2,mname_2024md_08md_07_18_03_28_seed_0,commit_b44271c83_not_commited,dann,4,center0,0,{'gamma_reg': 1.0},0.9645398,0.6094957,0.5976265,0.5976265,0.6031724,0.7607,0.23848239,0.21204819,0.98320484,0.2244898,,,,
1,dann_dinov2,mname_2024md_08md_07_22_18_01_seed_1,commit_b44271c83_not_commited,dann,2,center0,1,{'gamma_reg': 1.0},0.9662442,0.6034429,0.56566525,0.56566525,0.5797035,0.81931555,0.22878228,0.1438515,0.98747903,0.17663817,,,,
1,dann_dinov2,mname_2024md_08md_08_01_30_26_seed_2,commit_b44271c83_not_commited,dann,1,center0,2,{'gamma_reg': 1.0},0.9619248,0.49998987,0.49999398,0.49999398,0.49932915,0.34461167,0.024390243,0.014354067,0.9856339,0.018072288,,,,
