param_index,method,mname,commit,algo,epos,te_d,seed,params,acc,precision,recall,specificity,f1,auroc,binary_precision,binary_recall,binary_specificity,binary_f1_score,acc_oracle,acc_val,model_selection_epoch,experiment_duration
2,dann_dinov2,mname_2024md_08md_07_18_03_28_seed_0,commit_b44271c83_not_commited,dann,2,center0,0,{'gamma_reg': 1.0},0.91536486,0.630354,0.5442242,0.5442242,0.55810976,0.84273005,0.33064517,0.106217615,0.9822308,0.1607843,,,,
2,dann_dinov2,mname_2024md_08md_07_21_12_57_seed_1,commit_b44271c83_not_commited,dann,4,center0,1,{'gamma_reg': 1.0},0.9123972,0.6991713,0.7505371,0.7505371,0.7208471,0.8885653,0.4348718,0.5601057,0.9409685,0.4896074,,,,
2,dann_dinov2,mname_2024md_08md_08_01_27_10_seed_2,commit_b44271c83_not_commited,dann,1,center0,2,{'gamma_reg': 1.0},0.9179548,0.6157634,0.5126715,0.5126715,0.5070297,0.41140884,0.30864197,0.03136763,0.9939753,0.05694761,,,,
0,erm_dinov2,mname_2024md_08md_07_18_03_28_seed_0,commit_b44271c83_not_commited,erm,14,center0,0,{},0.9008305,0.65421367,0.6635039,0.6635039,0.6586653,0.8614688,0.3596598,0.3834197,0.9435881,0.37115988,,,,
0,erm_dinov2,mname_2024md_08md_08_01_07_48_seed_1,commit_b44271c83_not_commited,erm,2,center0,1,{},0.8785056,0.6626716,0.8068699,0.8068699,0.7014572,0.8935352,0.34996802,0.7225892,0.89115065,0.47155175,,,,
0,erm_dinov2,mname_2024md_08md_08_03_41_21_seed_2,commit_b44271c83_not_commited,erm,1,center0,2,{},0.89724535,0.66723746,0.70561624,0.70561624,0.683582,0.8574651,0.38023952,0.47804266,0.93318987,0.42356864,,,,
1,dann_dinov2,mname_2024md_08md_07_18_03_28_seed_0,commit_b44271c83_not_commited,dann,4,center0,0,{'gamma_reg': 1.0},0.90844375,0.6253748,0.57077914,0.57077914,0.5872549,0.8334962,0.31666666,0.17227979,0.9692785,0.22315437,,,,
1,dann_dinov2,mname_2024md_08md_07_22_18_01_seed_1,commit_b44271c83_not_commited,dann,2,center0,1,{'gamma_reg': 1.0},0.9202259,0.706108,0.6728328,0.6728328,0.68755525,0.87953836,0.46166134,0.38177013,0.96389544,0.417932,,,,
1,dann_dinov2,mname_2024md_08md_08_01_30_26_seed_2,commit_b44271c83_not_commited,dann,1,center0,2,{'gamma_reg': 1.0},0.9182521,0.6433345,0.51971555,0.51971555,0.51976717,0.44518846,0.3627451,0.04642409,0.993007,0.08231368,,,,
