param_index,method,mname,commit,algo,epos,te_d,seed,params,acc,precision,recall,specificity,f1,auroc,binary_precision,binary_recall,binary_specificity,binary_f1_score,acc_oracle,acc_val,model_selection_epoch,experiment_duration
2,dann_dinov2,mname_2024md_08md_07_18_03_28_seed_0,commit_b44271c83_not_commited,dann,2,center0,0,{'gamma_reg': 1.0},0.94618607,0.94984984,0.94621104,0.94621104,0.94607836,0.98321867,0.9905857,0.9009944,0.99142766,0.9436684,,,,
2,dann_dinov2,mname_2024md_08md_07_21_12_57_seed_1,commit_b44271c83_not_commited,dann,4,center0,1,{'gamma_reg': 1.0},0.9646286,0.9652989,0.96464366,0.96464366,0.96461666,0.99230546,0.9831576,0.9455103,0.983777,0.9639665,,,,
2,dann_dinov2,mname_2024md_08md_08_01_27_10_seed_2,commit_b44271c83_not_commited,dann,1,center0,2,{'gamma_reg': 1.0},0.9045187,0.91522217,0.9045343,0.9045343,0.9039018,0.9374778,0.98193634,0.82423705,0.9848315,0.8962022,,,,
1,dann_dinov2,mname_2024md_08md_07_18_03_28_seed_0,commit_b44271c83_not_commited,dann,4,center0,0,{'gamma_reg': 1.0},0.9512595,0.9548611,0.9512876,0.9512876,0.95116496,0.9892618,0.99549454,0.90668404,0.9958913,0.9490161,,,,
1,dann_dinov2,mname_2024md_08md_07_22_18_01_seed_1,commit_b44271c83_not_commited,dann,2,center0,1,{'gamma_reg': 1.0},0.95012987,0.9527502,0.95016134,0.95016134,0.95006,0.98789805,0.98740107,0.9119786,0.98834413,0.94819236,,,,
1,dann_dinov2,mname_2024md_08md_08_01_30_26_seed_2,commit_b44271c83_not_commited,dann,1,center0,2,{'gamma_reg': 1.0},0.9067239,0.9143099,0.90672654,0.90672654,0.9062954,0.94326925,0.9703816,0.8390653,0.97438776,0.8999585,,,,
0,erm_dinov2,mname_2024md_08md_07_18_03_28_seed_0,commit_b44271c83_not_commited,erm,14,center0,0,{},0.98329914,0.9835253,0.98330647,0.98330647,0.98329735,0.9981199,0.99415064,0.97234166,0.9942713,0.9831252,,,,
0,erm_dinov2,mname_2024md_08md_08_01_07_48_seed_1,commit_b44271c83_not_commited,erm,2,center0,1,{},0.9608121,0.9622648,0.96083426,0.96083426,0.9607826,0.9918556,0.98837596,0.9326545,0.989014,0.9597071,,,,
0,erm_dinov2,mname_2024md_08md_08_03_41_21_seed_2,commit_b44271c83_not_commited,erm,1,center0,2,{},0.94709456,0.948992,0.94710207,0.94710207,0.94703925,0.9855356,0.9782384,0.91455865,0.97964555,0.9453274,,,,
