param_index, method, mname, commit, algo, epos, te_d, seed, params, acc, precision, recall, specificity, f1, auroc, binary_precision, binary_recall, binary_specificity, binary_f1_score, acc_oracle, acc_val, model_selection_epoch, experiment_duration
0, erm_dinov2, mname_2024md_08md_07_18_03_28_seed_0, commit_b44271c83_not_commited, erm, 15, center0, 0, "{}", 0.93671995, 0.6173076, 0.8465569, 0.8465569, 0.6659131, 0.93042934, 0.24111283, 0.7518072, 0.94130653, 0.3651258, , , , 
0, erm_dinov2, mname_2024md_08md_08_01_07_48_seed_1, commit_b44271c83_not_commited, erm, 5, center0, 1, "{}", 0.92454594, 0.6010187, 0.8256822, 0.8256822, 0.6425067, 0.8973838, 0.20971005, 0.7215777, 0.92978674, 0.32497388, , , , 
0, erm_dinov2, mname_2024md_08md_08_03_41_21_seed_2, commit_b44271c83_not_commited, erm, 4, center0, 2, "{}", 0.9348283, 0.59429014, 0.7508439, 0.7508439, 0.63019997, 0.85815793, 0.20017183, 0.55741626, 0.9442715, 0.29456386, , , , 
2, dann_dinov2, mname_2024md_08md_07_18_03_28_seed_0, commit_b44271c83_not_commited, dann, 5, center0, 0, "{'gamma_reg': 1.0}", 0.74454683, 0.516054, 0.6294186, 0.6294186, 0.46967757, 0.6377293, 0.04809665, 0.50843376, 0.75040346, 0.08788005, , , , 
2, dann_dinov2, mname_2024md_08md_07_21_12_57_seed_1, commit_b44271c83_not_commited, dann, 7, center0, 1, "{'gamma_reg': 1.0}", 0.95608246, 0.5959293, 0.6226108, 0.6226108, 0.60735637, 0.8760004, 0.21081081, 0.27146173, 0.9737599, 0.23732252, , , , 
2, dann_dinov2, mname_2024md_08md_08_01_27_10_seed_2, commit_b44271c83_not_commited, dann, 4, center0, 2, "{'gamma_reg': 1.0}", 0.92244804, 0.56884986, 0.7036804, 0.7036804, 0.5944335, 0.725181, 0.15160796, 0.47368422, 0.93367654, 0.22969837, , , , 
1, dann_dinov2, mname_2024md_08md_07_18_03_28_seed_0, commit_b44271c83_not_commited, dann, 7, center0, 0, "{'gamma_reg': 1.0}", 0.88061357, 0.5147955, 0.55932224, 0.55932224, 0.5093136, 0.49781007, 0.050660793, 0.22168675, 0.89695776, 0.082474224, , , , 
1, dann_dinov2, mname_2024md_08md_07_22_18_01_seed_1, commit_b44271c83_not_commited, dann, 5, center0, 1, "{'gamma_reg': 1.0}", 0.93862057, 0.5619853, 0.6215654, 0.6215654, 0.5795082, 0.8331782, 0.14285715, 0.287703, 0.95542777, 0.19091609, , , , 
1, dann_dinov2, mname_2024md_08md_08_01_30_26_seed_2, commit_b44271c83_not_commited, dann, 4, center0, 2, "{'gamma_reg': 1.0}", 0.9528732, 0.5971092, 0.6539639, 0.6539639, 0.61798644, 0.621153, 0.21099554, 0.33971292, 0.968215, 0.26031163, , , , 
