param_index, method, mname, commit, algo, epos, te_d, seed, params, acc, precision, recall, specificity, f1, auroc, binary_precision, binary_recall, binary_specificity, binary_f1_score, acc_oracle, acc_val, model_selection_epoch, experiment_duration
2, dann_dinov2, mname_2024md_08md_07_18_03_28_seed_0, commit_b44271c83_not_commited, dann, 5, center0, 0, "{'gamma_reg': 1.0}", 0.9224771, 0.92256165, 0.9224816, 0.9224816, 0.9224737, 0.9690801, 0.9287001, 0.9153251, 0.9296381, 0.9219641, , , , 
2, dann_dinov2, mname_2024md_08md_07_21_12_57_seed_1, commit_b44271c83_not_commited, dann, 7, center0, 1, "{'gamma_reg': 1.0}", 0.97206485, 0.9723121, 0.97207487, 0.97207487, 0.97206163, 0.9947369, 0.98333734, 0.96045285, 0.98369694, 0.9717604, , , , 
2, dann_dinov2, mname_2024md_08md_08_01_27_10_seed_2, commit_b44271c83_not_commited, dann, 4, center0, 2, "{'gamma_reg': 1.0}", 0.9384865, 0.93993187, 0.93848765, 0.93848765, 0.93843603, 0.97009087, 0.9651578, 0.9098224, 0.96715283, 0.9366736, , , , 
1, dann_dinov2, mname_2024md_08md_07_18_03_28_seed_0, commit_b44271c83_not_commited, dann, 7, center0, 0, "{'gamma_reg': 1.0}", 0.91744316, 0.9190187, 0.9174638, 0.9174638, 0.9173682, 0.95288885, 0.9448812, 0.8867232, 0.94820434, 0.9148789, , , , 
1, dann_dinov2, mname_2024md_08md_07_22_18_01_seed_1, commit_b44271c83_not_commited, dann, 5, center0, 1, "{'gamma_reg': 1.0}", 0.9653958, 0.9654748, 0.9654013, 0.9654013, 0.96539456, 0.99323666, 0.9717485, 0.9587215, 0.9720811, 0.965191, , , , 
1, dann_dinov2, mname_2024md_08md_08_01_30_26_seed_2, commit_b44271c83_not_commited, dann, 4, center0, 2, "{'gamma_reg': 1.0}", 0.9352948, 0.93863404, 0.93530154, 0.93530154, 0.9351721, 0.96632564, 0.97694427, 0.89165246, 0.9789506, 0.93235177, , , , 
0, erm_dinov2, mname_2024md_08md_07_18_03_28_seed_0, commit_b44271c83_not_commited, erm, 15, center0, 0, "{}", 0.98535216, 0.98543566, 0.98535645, 0.98535645, 0.9853516, 0.998354, 0.9919613, 0.9786537, 0.9920591, 0.9852626, , , , 
0, erm_dinov2, mname_2024md_08md_08_01_07_48_seed_1, commit_b44271c83_not_commited, erm, 5, center0, 1, "{}", 0.97617644, 0.97631586, 0.9761822, 0.9761822, 0.97617483, 0.9961443, 0.98463386, 0.96748316, 0.9848813, 0.9759832, , , , 
0, erm_dinov2, mname_2024md_08md_08_03_41_21_seed_2, commit_b44271c83_not_commited, erm, 4, center0, 2, "{}", 0.9741566, 0.9746939, 0.97415984, 0.97415984, 0.97414947, 0.9957946, 0.99071294, 0.957297, 0.9910227, 0.9737184, , , , 
