param_index, method, mname, commit, algo, epos, te_d, seed, params, acc, precision, recall, specificity, f1, auroc, binary_precision, binary_recall, binary_specificity, binary_f1_score, acc_oracle, acc_val, model_selection_epoch, experiment_duration
2, dann_dinov2, mname_2024md_08md_07_18_03_28_seed_0, commit_b44271c83_not_commited, dann, 5, center0, 0, "{'gamma_reg': 1.0}", 0.72790194, 0.559849, 0.6744642, 0.6744642, 0.5444731, 0.706119, 0.16142271, 0.61139894, 0.73752946, 0.25541127, , , , 
2, dann_dinov2, mname_2024md_08md_07_21_12_57_seed_1, commit_b44271c83_not_commited, dann, 7, center0, 1, "{'gamma_reg': 1.0}", 0.9120999, 0.6832291, 0.68300664, 0.68300664, 0.6831178, 0.88569295, 0.41402116, 0.41347423, 0.9525391, 0.41374752, , , , 
2, dann_dinov2, mname_2024md_08md_08_01_27_10_seed_2, commit_b44271c83_not_commited, dann, 4, center0, 2, "{'gamma_reg': 1.0}", 0.9166667, 0.6949065, 0.6146394, 0.6146394, 0.6411231, 0.6099194, 0.45132744, 0.25595984, 0.973319, 0.32666132, , , , 
0, erm_dinov2, mname_2024md_08md_07_18_03_28_seed_0, commit_b44271c83_not_commited, erm, 15, center0, 0, "{}", 0.9009294, 0.65594524, 0.66771644, 0.66771644, 0.66152626, 0.8552339, 0.3624402, 0.39248705, 0.94294584, 0.37686566, , , , 
0, erm_dinov2, mname_2024md_08md_08_01_07_48_seed_1, commit_b44271c83_not_commited, erm, 5, center0, 1, "{}", 0.8600733, 0.6590814, 0.85699284, 0.85699284, 0.6985116, 0.9053432, 0.3317925, 0.8533686, 0.8606171, 0.47781062, , , , 
0, erm_dinov2, mname_2024md_08md_08_03_41_21_seed_2, commit_b44271c83_not_commited, erm, 4, center0, 2, "{}", 0.9073524, 0.693796, 0.73232484, 0.73232484, 0.7106352, 0.88248986, 0.42915812, 0.52446675, 0.94018286, 0.4720497, , , , 
1, dann_dinov2, mname_2024md_08md_07_18_03_28_seed_0, commit_b44271c83_not_commited, dann, 7, center0, 0, "{'gamma_reg': 1.0}", 0.82321537, 0.5419198, 0.5727693, 0.5727693, 0.5469368, 0.5830015, 0.14819944, 0.27720207, 0.86833656, 0.19314077, , , , 
1, dann_dinov2, mname_2024md_08md_07_22_18_01_seed_1, commit_b44271c83_not_commited, dann, 5, center0, 1, "{'gamma_reg': 1.0}", 0.9068477, 0.6873852, 0.74814427, 0.74814427, 0.71187556, 0.8844187, 0.41142303, 0.5614267, 0.9348618, 0.4748603, , , , 
1, dann_dinov2, mname_2024md_08md_08_01_30_26_seed_2, commit_b44271c83_not_commited, dann, 4, center0, 2, "{'gamma_reg': 1.0}", 0.91944116, 0.70521617, 0.58976185, 0.58976185, 0.61861384, 0.60008204, 0.4759036, 0.19824341, 0.98128027, 0.2798937, , , , 
