param_index, method, mname, commit, algo, epos, te_d, seed, params, acc, precision, recall, specificity, f1, auroc, binary_precision, binary_recall, binary_specificity, binary_f1_score, acc_oracle, acc_val, model_selection_epoch, experiment_duration
0, erm_dinov2, mname_dset_te_center0_erm_b44271c83_not_commited_2024md_07md_10_02_19_25_seed_0_21806617, commit_b44271c83_not_commited, erm, 30, center0, 0, "{}", 0.9651646, 0.8155842, 0.6666628, 0.6666628, 0.71575403, 0.8823037, 0.65925926, 0.34099618, 0.9923295, 0.44949496, 0.96724194, 0.9630694, 17, 12:49:45.117858
0, erm_dinov2, mname_dset_te_center0_erm_b44271c83_not_commited_2024md_07md_10_15_28_24_seed_1_21806617, commit_b44271c83_not_commited, erm, 30, center0, 1, "{}", 0.9666452, 0.8834276, 0.63502485, 0.63502485, 0.69485843, 0.90828496, 0.7977528, 0.27307692, 0.99697274, 0.40687677, 0.97454077, 0.9640875, 29, 12:31:33.475635
0, erm_dinov2, mname_dset_te_center0_erm_b44271c83_not_commited_2024md_07md_11_04_18_59_seed_2_21806617, commit_b44271c83_not_commited, erm, 30, center0, 2, "{}", 0.9559224, 0.68875754, 0.6380232, 0.6380232, 0.6588634, 0.8533449, 0.40571427, 0.29338843, 0.98265797, 0.34052756, 0.9559224, 0.96617484, 29, 15:46:56.317843
