param_index, method, mname, commit, algo, epos, te_d, seed, params, acc, precision, recall, specificity, f1, auroc, binary_precision, binary_recall, binary_specificity, binary_f1_score, acc_oracle, acc_val, model_selection_epoch, experiment_duration
1, irm_dinov2_config1, mname_dset_te_center0_erm_b44271c83_not_commited_2024md_07md_10_04_30_42_seed_0_21806618, commit_b44271c83_not_commited, erm, 30, center0, 0, "{'gamma_reg': 1e-05}", 0.964046, 0.78049487, 0.7338756, 0.7338756, 0.75480634, 0.9002076, 0.5833333, 0.4827586, 0.9849925, 0.5283019, 0.96580374, 0.95780116, 29, 11:19:06.946662
1, irm_dinov2_config1, mname_dset_te_center0_erm_b44271c83_not_commited_2024md_07md_10_16_09_24_seed_1_21806618, commit_b44271c83_not_commited, erm, 30, center0, 1, "{'gamma_reg': 1e-05}", 0.962778, 0.8322761, 0.59622693, 0.59622693, 0.64359105, 0.90442836, 0.69863015, 0.19615385, 0.99630004, 0.3063063, 0.96745086, 0.9627535, 30, 11:16:27.638291
1, irm_dinov2_config1, mname_dset_te_center0_erm_b44271c83_not_commited_2024md_07md_11_03_44_40_seed_2_21806618, commit_b44271c83_not_commited, erm, 30, center0, 2, "{'gamma_reg': 1e-05}", 0.94967145, 0.64120126, 0.6129615, 0.6129615, 0.6252134, 0.86255383, 0.3125, 0.24793388, 0.977989, 0.27649772, 0.95047283, 0.9670271, 6, 11:21:43.382144
