param_index, method, mname, commit, algo, epos, te_d, seed, params, acc, precision, recall, specificity, f1, auroc, binary_precision, binary_recall, binary_specificity, binary_f1_score, acc_oracle, acc_val, model_selection_epoch, experiment_duration
2, irm_dinov2_config2, mname_dset_te_center0_erm_b44271c83_not_commited_2024md_07md_10_01_41_32_seed_0_21806614, commit_b44271c83_not_commited, erm, 30, center0, 0, "{'gamma_reg': 0.0001}", 0.95541704, 0.7258167, 0.76601994, 0.76601994, 0.74401325, 0.9040438, 0.47096774, 0.55938697, 0.972653, 0.51138353, 0.96708214, 0.9589719, 26, 10:52:52.539751
2, irm_dinov2_config2, mname_dset_te_center0_erm_b44271c83_not_commited_2024md_07md_10_13_02_15_seed_1_21806614, commit_b44271c83_not_commited, erm, 30, center0, 1, "{'gamma_reg': 0.0001}", 0.9650338, 0.84988713, 0.628667, 0.628667, 0.68363714, 0.90450335, 0.7311828, 0.26153848, 0.9957955, 0.38526914, 0.96793425, 0.9636606, 16, 11:29:45.209478
2, irm_dinov2_config2, mname_dset_te_center0_erm_b44271c83_not_commited_2024md_07md_11_00_50_57_seed_2_21806614, commit_b44271c83_not_commited, erm, 30, center0, 2, "{'gamma_reg': 0.0001}", 0.95095366, 0.6269924, 0.57992184, 0.57992184, 0.5970346, 0.8266798, 0.28666666, 0.17768595, 0.98215777, 0.21938774, 0.95095366, 0.96681404, 4, 10:44:49.259803
