param_index, method, mname, commit, algo, epos, te_d, seed, params, acc, precision, recall, specificity, f1, auroc, binary_precision, binary_recall, binary_specificity, binary_f1_score, acc_oracle, acc_val, model_selection_epoch, experiment_duration
3, irm_dinov2_config3, mname_dset_te_center0_erm_b44271c83_not_commited_2024md_07md_10_04_49_25_seed_0_21806619, commit_b44271c83_not_commited, erm, 30, center0, 0, "{'gamma_reg': 0.001}", 0.96724194, 0.81162417, 0.7318784, 0.7318784, 0.7652336, 0.8959154, 0.6458333, 0.47509578, 0.988661, 0.54746133, 0.96724194, 0.9605683, 30, 11:37:19.188200
3, irm_dinov2_config3, mname_dset_te_center0_erm_b44271c83_not_commited_2024md_07md_10_16_45_40_seed_1_21806619, commit_b44271c83_not_commited, erm, 30, center0, 1, "{'gamma_reg': 0.001}", 0.9660006, 0.8561356, 0.6420444, 0.6420444, 0.6990018, 0.91258717, 0.7425743, 0.28846154, 0.9956273, 0.41551247, 0.970029, 0.965048, 18, 11:28:44.970286
3, irm_dinov2_config3, mname_dset_te_center0_erm_b44271c83_not_commited_2024md_07md_11_04_33_14_seed_2_21806619, commit_b44271c83_not_commited, erm, 30, center0, 2, "{'gamma_reg': 0.001}", 0.9445424, 0.6568389, 0.7034823, 0.7034823, 0.6765556, 0.86902183, 0.336478, 0.44214877, 0.96481574, 0.38214284, 0.9517551, 0.9671869, 16, 11:20:15.634432
