param_index, method, mname, commit, algo, epos, te_d, seed, params, acc, precision, recall, specificity, f1, auroc, binary_precision, binary_recall, binary_specificity, binary_f1_score, acc_oracle, acc_val, model_selection_epoch, experiment_duration
5, irm_dinov2_config4, mname_dset_te_center0_erm_b44271c83_not_commited_2024md_07md_10_01_40_45_seed_0_21806615, commit_b44271c83_not_commited, erm, 30, center0, 0, "{'gamma_reg': 0.1}", 0.9614893, 0.7618897, 0.7105535, 0.7105535, 0.73306787, 0.8995187, 0.5480769, 0.43678162, 0.98432547, 0.48614076, 0.9654842, 0.9566837, 3, 12:24:20.230621
5, irm_dinov2_config4, mname_dset_te_center0_erm_b44271c83_not_commited_2024md_07md_10_14_25_07_seed_1_21806615, commit_b44271c83_not_commited, erm, 30, center0, 1, "{'gamma_reg': 0.1}", 0.9666452, 0.86620045, 0.6460588, 0.6460588, 0.7047079, 0.91812336, 0.76237625, 0.29615384, 0.9959637, 0.4265928, 0.9695456, 0.96302027, 11, 12:42:24.878243
5, irm_dinov2_config4, mname_dset_te_center0_erm_b44271c83_not_commited_2024md_07md_11_03_25_36_seed_2_21806615, commit_b44271c83_not_commited, erm, 30, center0, 2, "{'gamma_reg': 0.1}", 0.9530373, 0.68586373, 0.68807375, 0.68807375, 0.6869612, 0.87816155, 0.39591837, 0.40082645, 0.975321, 0.39835727, 0.9531976, 0.96777284, 8, 12:33:13.187825
