param_index, method, mname, commit, algo, epos, te_d, seed, params, acc, precision, recall, specificity, f1, auroc, binary_precision, binary_recall, binary_specificity, binary_f1_score, acc_oracle, acc_val, model_selection_epoch, experiment_duration
6, irm_dinov2_config5, mname_dset_te_center0_erm_b44271c83_not_commited_2024md_07md_10_05_58_28_seed_0_21806620, commit_b44271c83_not_commited, erm, 30, center0, 0, "{'gamma_reg': 1.0}", 0.9651646, 0.7939105, 0.71980053, 0.71980053, 0.75087523, 0.9005948, 0.61139894, 0.45210728, 0.98749375, 0.5198238, 0.9651646, 0.9613133, 27, 11:34:12.400046
6, irm_dinov2_config5, mname_dset_te_center0_erm_b44271c83_not_commited_2024md_07md_10_17_51_41_seed_1_21806620, commit_b44271c83_not_commited, erm, 30, center0, 1, "{'gamma_reg': 1.0}", 0.96761197, 0.88417083, 0.65024126, 0.65024126, 0.7117175, 0.91422904, 0.7979798, 0.30384615, 0.9966364, 0.4401114, 0.9708347, 0.964461, 18, 11:28:01.408882
6, irm_dinov2_config5, mname_dset_te_center0_erm_b44271c83_not_commited_2024md_07md_11_05_38_38_seed_2_21806620, commit_b44271c83_not_commited, erm, 30, center0, 2, "{'gamma_reg': 1.0}", 0.95095366, 0.67529875, 0.6850071, 0.6850071, 0.6799998, 0.8771955, 0.375, 0.3966942, 0.97332, 0.38554218, 0.95095366, 0.9675598, 11, 12:17:17.414452
