param_index, method, mname, commit, algo, epos, te_d, seed, params, acc, precision, recall, specificity, f1, auroc, binary_precision, binary_recall, binary_specificity, binary_f1_score, acc_oracle, acc_val, model_selection_epoch, experiment_duration
11, erm_dinov2_bs64_lr1e6, mname_dset_te_center0_erm_b888c1ef2_not_commited_2024md_07md_26_11_58_05_seed_0_23069998, commit_b888c1ef2_not_commited, erm, 9, center0, 0, "{}", 0.95621604, 0.70019954, 0.5795388, 0.5795388, 0.610275, 0.89757335, 0.43564355, 0.16858238, 0.99049526, 0.24309392, 0.9582934, 0.97083867, 4, 3:34:03.173535
11, erm_dinov2_bs64_lr1e6, mname_dset_te_center0_erm_b8efecac6_not_commited_2024md_07md_26_15_40_40_seed_1_23069998, commit_b8efecac6_not_commited, erm, 8, center0, 1, "{}", 0.96084434, 0.86798745, 0.54556525, 0.54556525, 0.5724503, 0.905385, 0.7741935, 0.092307694, 0.99882275, 0.16494845, 0.97147924, 0.97139806, 3, 3:06:08.943493
11, erm_dinov2_bs64_lr1e6, mname_dset_te_center0_erm_b8efecac6_not_commited_2024md_07md_26_18_55_53_seed_2_23069998, commit_b8efecac6_not_commited, erm, 13, center0, 2, "{}", 0.9556019, 0.5062862, 0.5010474, 0.5010474, 0.4957622, 0.8854932, 0.051282052, 0.008264462, 0.99383026, 0.014234874, 0.96057063, 0.9754435, 8, 4:53:58.579228
