param_index, method, mname, commit, algo, epos, te_d, seed, params, acc, precision, recall, specificity, f1, auroc, binary_precision, binary_recall, binary_specificity, binary_f1_score, acc_oracle, acc_val, model_selection_epoch, experiment_duration
0, erm_dinov2, mname_dset_te_center0_erm_b44271c83_not_commited_2024md_06md_27_00_52_27_seed_0_21587850, commit_b44271c83_not_commited, erm, 30, center0, 0, "{}", 0.95238096, 0.5674806, 0.51523846, 0.51523846, 0.51923144, 0.900091, 0.1754386, 0.038314175, 0.99216276, 0.06289308, 0.96756154, 0.97121114, 27, 12:13:46.944290
0, erm_dinov2, mname_dset_te_center0_erm_b44271c83_not_commited_2024md_06md_27_13_13_49_seed_1_21587850, commit_b44271c83_not_commited, erm, 30, center0, 1, "{}", 0.95649374, 0.5505952, 0.50283706, 0.50283706, 0.4961772, 0.8980863, 0.14285715, 0.0076923077, 0.99798185, 0.01459854, 0.9687399, 0.97006404, 16, 14:37:45.319320
0, erm_dinov2, mname_dset_te_center0_erm_b44271c83_not_commited_2024md_06md_28_03_59_12_seed_2_21587850, commit_b44271c83_not_commited, erm, 30, center0, 2, "{}", 0.96057063, 0.4805934, 0.4996665, 0.4996665, 0.48994443, 0.90909904, 0.0, 0.0, 0.999333, 0.0, 0.96377623, 0.97219414, 10, 12:36:38.146788
