param_index, method, mname, commit, algo, epos, te_d, seed, params, acc, precision, recall, specificity, f1, auroc, binary_precision, binary_recall, binary_specificity, binary_f1_score, acc_oracle, acc_val, model_selection_epoch, experiment_duration
1, irm_dinov2_config1, mname_dset_te_center0_erm_b44271c83_not_commited_2024md_06md_27_00_54_00_seed_0_21587851, commit_b44271c83_not_commited, erm, 30, center0, 0, "{'gamma_reg': 1e-05}", 0.9584532, 0.73560524, 0.5550534, 0.5550534, 0.5830907, 0.9562744, 0.5084746, 0.11494253, 0.9951643, 0.18749999, 0.97251517, 0.97498935, 27, 12:56:09.148510
1, irm_dinov2_config1, mname_dset_te_center0_erm_b44271c83_not_commited_2024md_06md_27_13_58_24_seed_1_21587851, commit_b44271c83_not_commited, erm, 30, center0, 1, "{'gamma_reg': 1e-05}", 0.96084434, 0.8301774, 0.55659914, 0.55659914, 0.588976, 0.9267734, 0.6976744, 0.115384616, 0.99781364, 0.1980198, 0.97260714, 0.9745998, 16, 15:14:18.378889
1, irm_dinov2_config1, mname_dset_te_center0_erm_b44271c83_not_commited_2024md_06md_28_05_20_49_seed_2_21587851, commit_b44271c83_not_commited, erm, 30, center0, 2, "{'gamma_reg': 1e-05}", 0.9620131, 0.81469584, 0.5202443, 0.5202443, 0.529214, 0.9245535, 0.6666667, 0.041322313, 0.99916625, 0.07782101, 0.9753166, 0.97933203, 15, 12:52:23.429041
