param_index, method, mname, commit, algo, epos, te_d, seed, params, acc, precision, recall, specificity, f1, auroc, binary_precision, binary_recall, binary_specificity, binary_f1_score, acc_oracle, acc_val, model_selection_epoch, experiment_duration
2, irm_dinov2_config2, mname_dset_te_center0_erm_b44271c83_not_commited_2024md_06md_26_23_09_50_seed_0_21587846, commit_b44271c83_not_commited, erm, 30, center0, 0, "{'gamma_reg': 0.0001}", 0.96196866, 0.8868393, 0.5568876, 0.5568876, 0.5909314, 0.9264492, 0.8108108, 0.11494253, 0.99883276, 0.20134228, 0.9753915, 0.97307366, 12, 12:14:58.111177
2, irm_dinov2_config2, mname_dset_te_center0_erm_b44271c83_not_commited_2024md_06md_27_11_32_15_seed_1_21587846, commit_b44271c83_not_commited, erm, 30, center0, 1, "{'gamma_reg': 0.0001}", 0.95633256, 0.47901532, 0.499075, 0.499075, 0.48883948, 0.95722413, 0.0, 0.0, 0.99815, 0.0, 0.9776023, 0.97577375, 12, 14:04:08.466482
2, irm_dinov2_config2, mname_dset_te_center0_erm_b44271c83_not_commited_2024md_06md_28_01_43_52_seed_2_21587846, commit_b44271c83_not_commited, erm, 30, center0, 2, "{'gamma_reg': 0.0001}", 0.96057063, 0.5640007, 0.50164926, 0.50164926, 0.493975, 0.9204483, 0.16666667, 0.004132231, 0.99916625, 0.008064516, 0.9711492, 0.9748042, 13, 12:00:42.586442
