param_index, method, mname, commit, algo, epos, te_d, seed, params, acc, precision, recall, specificity, f1, auroc, binary_precision, binary_recall, binary_specificity, binary_f1_score, acc_oracle, acc_val, model_selection_epoch, experiment_duration
3, irm_dinov2_config3, mname_dset_te_center0_erm_b44271c83_not_commited_2024md_06md_27_01_40_43_seed_0_21587852, commit_b44271c83_not_commited, erm, 30, center0, 0, "{'gamma_reg': 0.001}", 0.9581336, 0.6458833, 0.501749, 0.501749, 0.49309576, 0.9578771, 0.33333334, 0.0038314175, 0.9996665, 0.0075757573, 0.971876, 0.9756811, 26, 12:34:23.428027
3, irm_dinov2_config3, mname_dset_te_center0_erm_b44271c83_not_commited_2024md_06md_27_14_22_43_seed_1_21587852, commit_b44271c83_not_commited, erm, 30, center0, 1, "{'gamma_reg': 0.001}", 0.9587496, 0.7923061, 0.5187262, 0.5187262, 0.5256848, 0.93468314, 0.625, 0.03846154, 0.9989909, 0.072463766, 0.9658395, 0.9776414, 17, 15:10:30.060462
3, irm_dinov2_config3, mname_dset_te_center0_erm_b44271c83_not_commited_2024md_06md_28_05_40_39_seed_2_21587852, commit_b44271c83_not_commited, erm, 30, center0, 2, "{'gamma_reg': 0.001}", 0.9668216, 0.89909047, 0.5901587, 0.5901587, 0.6406571, 0.9281264, 0.8301887, 0.18181819, 0.9984993, 0.2983051, 0.96906555, 0.9757631, 6, 12:32:30.910131
