param_index, method, mname, commit, algo, epos, te_d, seed, params, acc, precision, recall, specificity, f1, auroc, binary_precision, binary_recall, binary_specificity, binary_f1_score, acc_oracle, acc_val, model_selection_epoch, experiment_duration
5, irm_dinov2_config4, mname_dset_te_center0_erm_b44271c83_not_commited_2024md_06md_26_23_10_07_seed_0_21587847, commit_b44271c83_not_commited, erm, 30, center0, 0, "{'gamma_reg': 0.1}", 0.9592522, 0.76836205, 0.5426439, 0.5426439, 0.565974, 0.9490409, 0.575, 0.08812261, 0.99716526, 0.15282393, 0.9749121, 0.97616005, 24, 12:14:40.263616
5, irm_dinov2_config4, mname_dset_te_center0_erm_b44271c83_not_commited_2024md_06md_27_11_32_15_seed_1_21587847, commit_b44271c83_not_commited, erm, 30, center0, 1, "{'gamma_reg': 0.1}", 0.9585885, 0.7626346, 0.5241591, 0.5241591, 0.5353419, 0.95133394, 0.5652174, 0.05, 0.9983182, 0.0918728, 0.9708347, 0.9752401, 21, 14:04:11.420408
5, irm_dinov2_config4, mname_dset_te_center0_erm_b44271c83_not_commited_2024md_06md_28_01_43_52_seed_2_21587847, commit_b44271c83_not_commited, erm, 30, center0, 2, "{'gamma_reg': 0.1}", 0.9631351, 0.8157612, 0.5485863, 0.5485863, 0.5769047, 0.9441947, 0.6666667, 0.09917355, 0.997999, 0.17266189, 0.96842444, 0.9764023, 29, 12:00:40.364192
