param_index, method, mname, commit, algo, epos, te_d, seed, params, acc, precision, recall, specificity, f1, auroc, binary_precision, binary_recall, binary_specificity, binary_f1_score, acc_oracle, acc_val, model_selection_epoch, experiment_duration
6, irm_dinov2_config5, mname_dset_te_center0_erm_b44271c83_not_commited_2024md_06md_27_10_17_43_seed_0_21587853, commit_b44271c83_not_commited, erm, 30, center0, 0, "{'gamma_reg': 1.0}", 0.96244806, 0.8941661, 0.56263477, 0.56263477, 0.6000152, 0.96469337, 0.825, 0.12643678, 0.99883276, 0.21926911, 0.97251517, 0.9783418, 26, 13:19:45.626899
6, irm_dinov2_config5, mname_dset_te_center0_erm_b44271c83_not_commited_2024md_06md_27_23_43_32_seed_1_21587853, commit_b44271c83_not_commited, erm, 30, center0, 1, "{'gamma_reg': 1.0}", 0.9582662, 0.97912973, 0.5019231, 0.5019231, 0.49317387, 0.95707166, 1.0, 0.0038461538, 1.0, 0.007662835, 0.96728975, 0.9767876, 16, 9:36:15.294355
6, irm_dinov2_config5, mname_dset_te_center0_erm_b44271c83_not_commited_2024md_06md_28_09_26_05_seed_2_21587853, commit_b44271c83_not_commited, erm, 30, center0, 2, "{'gamma_reg': 1.0}", 0.95944864, 0.6528922, 0.5228758, 0.5228758, 0.53295326, 0.93180937, 0.34285715, 0.049586777, 0.99616474, 0.0866426, 0.9706684, 0.9773611, 9, 10:09:59.134851
