param_index, method, mname, commit, algo, epos, te_d, seed, params, acc, precision, recall, specificity, f1, auroc, binary_precision, binary_recall, binary_specificity, binary_f1_score, acc_oracle, acc_val, model_selection_epoch, experiment_duration
2, irm_dinov2_config2, mname_dset_te_center0_erm_b44271c83_not_commited_2024md_06md_29_18_20_49_seed_0_21629053, commit_b44271c83_not_commited, erm, 30, center0, 0, "{'gamma_reg': 0.0001}", 0.96628314, 0.8489162, 0.65075547, 0.65075547, 0.7069467, 0.95492065, 0.72727275, 0.3065134, 0.9949975, 0.4312668, 0.97635025, 0.9765858, 23, 11:21:32.230828
2, irm_dinov2_config2, mname_dset_te_center0_erm_b44271c83_not_commited_2024md_06md_30_05_48_36_seed_1_21629053, commit_b44271c83_not_commited, erm, 30, center0, 1, "{'gamma_reg': 0.0001}", 0.96165, 0.79574615, 0.60299426, 0.60299426, 0.6481819, 0.9417092, 0.625, 0.21153846, 0.99445003, 0.31609195, 0.9740574, 0.9759872, 29, 11:12:43.373614
2, irm_dinov2_config2, mname_dset_te_center0_erm_b44271c83_not_commited_2024md_06md_30_17_07_37_seed_2_21629053, commit_b44271c83_not_commited, erm, 30, center0, 2, "{'gamma_reg': 0.0001}", 0.9661805, 0.80586743, 0.6433592, 0.6433592, 0.69243217, 0.94145334, 0.6396396, 0.29338843, 0.99333, 0.40226626, 0.9753166, 0.97842646, 30, 11:20:57.481483
