param_index, method, mname, commit, algo, epos, te_d, seed, params, acc, precision, recall, specificity, f1, auroc, binary_precision, binary_recall, binary_specificity, binary_f1_score, acc_oracle, acc_val, model_selection_epoch, experiment_duration
2, irm_dinov2_config2, mname_dset_te_center0_erm_b44271c83_not_commited_2024md_05md_25_10_20_26_seed_0_20839951, commit_b44271c83_not_commited, erm, 30, center0, 0, "{'gamma_reg': 0.0005}", 0.964046, 0.86176467, 0.6001152, 0.6001152, 0.6508882, 0.96651965, 0.75714284, 0.20306513, 0.99716526, 0.3202417, 0.971876, 0.9882397, 17, 10:18:29.430256
3, irm_dinov2_config3, mname_dset_te_center0_erm_b44271c83_not_commited_2024md_05md_25_10_21_02_seed_0_20839955, commit_b44271c83_not_commited, erm, 30, center0, 0, "{'gamma_reg': 0.001}", 0.965644, 0.84345484, 0.64309263, 0.64309263, 0.698236, 0.9494792, 0.7169811, 0.29118773, 0.9949975, 0.41416892, 0.9688399, 0.98855895, 23, 13:07:45.036821
0, erm_dinov2, mname_dset_te_center0_erm_b44271c83_not_commited_2024md_05md_25_10_22_14_seed_0_20839953, commit_b44271c83_not_commited, erm, 30, center0, 0, "{}", 0.96356666, 0.80426013, 0.6420087, 0.6420087, 0.6906065, 0.9512674, 0.6386555, 0.29118773, 0.99282974, 0.4, 0.9753915, 0.98659, 18, 10:26:56.874329
4, irm_resnet_config2, mname_dset_te_center0_erm_b44271c83_not_commited_2024md_05md_25_10_21_10_seed_0_20839952, commit_b44271c83_not_commited, erm, 21, center0, 0, "{'gamma_reg': 0.0005}", 0.96612334, 0.93419874, 0.6048637, 0.6048637, 0.6621147, 0.89261806, 0.90163934, 0.21072797, 0.9989995, 0.34161493, 0.97810805, 0.9656769, 1, 6:07:52.882362
1, irm_dinov2_config1, mname_dset_te_center0_erm_b44271c83_not_commited_2024md_05md_25_10_21_26_seed_0_20839954, commit_b44271c83_not_commited, erm, 30, center0, 0, "{'gamma_reg': 0.0001}", 0.9614893, 0.8081542, 0.58045787, 0.58045787, 0.6216125, 0.9539263, 0.6515151, 0.16475096, 0.99616474, 0.26299694, 0.9693193, 0.98887825, 23, 11:12:31.907585
5, irm_resnet_config3, mname_dset_te_center0_erm_b44271c83_not_commited_2024md_05md_25_10_21_22_seed_0_20839956, commit_b44271c83_not_commited, erm, 30, center0, 0, "{'gamma_reg': 0.001}", 0.9654842, 0.8382492, 0.64484155, 0.64484155, 0.69921625, 0.9266678, 0.70642203, 0.29501915, 0.994664, 0.4162162, 0.97794825, 0.9687633, 28, 10:03:20.564609
