param_index,method,mname,commit,algo,epos,te_d,seed,params,acc,precision,recall,specificity,f1,auroc,binary_precision,binary_recall,binary_specificity,binary_f1_score,acc_oracle,acc_val,model_selection_epoch,experiment_duration
4,irm_dinov2_config4,mname_2024md_07md_09_16_48_48_seed_0,commit_b44271c83_not_commited,erm,29,center0,0,{'gamma_reg': 0.1},0.9867111,0.98713136,0.97805905,0.97805905,0.9824844,0.9974508,0.9879745,0.96018213,0.99593604,0.9738801,,,,
6,dial_dinov2_config1,mname_2024md_07md_09_16_48_53_seed_0,commit_b44271c83_not_commited,erm,27,center0,0,"{'dial_steps_perturb': 1, 'dial_noise_scale': 0.0001, 'dial_epsilon': 0.001}",0.99190044,0.9938266,0.98503613,0.98503613,0.9893291,0.9988569,0.99769586,0.970852,0.99922025,0.984091,,,,
0,erm_dinov2,mname_2024md_07md_09_16_48_08_seed_0,commit_b44271c83_not_commited,erm,25,center0,0,{},0.9911115,0.9920523,0.98469925,0.98469925,0.9883038,0.9984621,0.99394995,0.97145385,0.9979446,0.98257315,,,,
3,irm_dinov2_config3,mname_2024md_07md_09_16_47_37_seed_0,commit_b44271c83_not_commited,erm,27,center0,0,{'gamma_reg': 0.001},0.9867812,0.988051,0.97735703,0.97735703,0.9825506,0.9972513,0.9905859,0.95788044,0.9968336,0.9739587,,,,
1,irm_dinov2_config1,mname_2024md_07md_09_16_48_03_seed_0,commit_b44271c83_not_commited,erm,5,center0,0,{'gamma_reg': 1e-05},0.96796983,0.9727524,0.9433325,0.9433325,0.95685935,0.9887984,0.9817597,0.89243,0.994235,0.934966,,,,
