param_index,method,mname,commit,algo,epos,te_d,seed,params,acc,precision,recall,specificity,f1,auroc,binary_precision,binary_recall,binary_specificity,binary_f1_score,acc_oracle,acc_val,model_selection_epoch,experiment_duration
1,irm_dinov2_config1,mname_2024md_07md_09_16_48_03_seed_0,commit_b44271c83_not_commited,erm,5,center0,0,{'gamma_reg': 1e-05},0.9643656,0.77625066,0.78534764,0.78534764,0.7807156,0.9106629,0.5703704,0.5900383,0.980657,0.58003765,,,,
0,erm_dinov2,mname_2024md_07md_09_16_48_08_seed_0,commit_b44271c83_not_commited,erm,25,center0,0,{},0.96164906,0.7830517,0.6190202,0.6190202,0.6640349,0.8873417,0.5981308,0.24521072,0.99282974,0.3478261,,,,
3,irm_dinov2_config3,mname_2024md_07md_09_16_47_37_seed_0,commit_b44271c83_not_commited,erm,27,center0,0,{'gamma_reg': 0.001},0.9605305,0.7534089,0.735706,0.735706,0.7441926,0.8925071,0.5289256,0.49042144,0.98099047,0.5089463,,,,
6,dial_dinov2_config1,mname_2024md_07md_09_16_48_53_seed_0,commit_b44271c83_not_commited,erm,27,center0,0,"{'dial_steps_perturb': 1, 'dial_noise_scale': 0.0001, 'dial_epsilon': 0.001}",0.96708214,0.8826832,0.6401783,0.6401783,0.7005705,0.87697387,0.79569894,0.2835249,0.9968318,0.41807908,,,,
4,irm_dinov2_config4,mname_2024md_07md_09_16_48_48_seed_0,commit_b44271c83_not_commited,erm,29,center0,0,{'gamma_reg': 0.1},0.95701504,0.73266315,0.75219506,0.75219506,0.74197555,0.8939459,0.48591548,0.52873564,0.9756545,0.50642204,,,,
