param_index,method,mname,commit,algo,epos,te_d,seed,params,acc,precision,recall,specificity,f1,auroc,binary_precision,binary_recall,binary_specificity,binary_f1_score,acc_oracle,acc_val,model_selection_epoch,experiment_duration
4,irm_dinov2_config4,mname_2024md_07md_09_16_48_48_seed_0,commit_b44271c83_not_commited,erm,29,center0,0,{'gamma_reg': 0.1},0.95796084,0.6883294,0.70746577,0.70746577,0.6973692,0.89890337,0.39662448,0.43856922,0.97636235,0.4165436,,,,
0,erm_dinov2,mname_2024md_07md_09_16_48_08_seed_0,commit_b44271c83_not_commited,erm,25,center0,0,{},0.96290976,0.71055937,0.66052425,0.66052425,0.6817601,0.9157741,0.44444445,0.33592534,0.98512316,0.38263953,,,,
3,irm_dinov2_config3,mname_2024md_07md_09_16_47_37_seed_0,commit_b44271c83_not_commited,erm,27,center0,0,{'gamma_reg': 0.001},0.96035546,0.6965026,0.68320364,0.68320364,0.68958926,0.89848024,0.4147157,0.38569206,0.9807152,0.39967766,,,,
6,dial_dinov2_config1,mname_2024md_07md_09_16_48_53_seed_0,commit_b44271c83_not_commited,erm,27,center0,0,"{'dial_steps_perturb': 1, 'dial_noise_scale': 0.0001, 'dial_epsilon': 0.001}",0.96753937,0.7554084,0.71842515,0.71842515,0.735317,0.9156195,0.53016454,0.45101088,0.9858394,0.48739496,,,,
1,irm_dinov2_config1,mname_2024md_07md_09_16_48_03_seed_0,commit_b44271c83_not_commited,erm,5,center0,0,{'gamma_reg': 1e-05},0.957748,0.68524987,0.69910496,0.69910496,0.69189197,0.89460206,0.39105338,0.4214619,0.97674805,0.4056886,,,,
