param_index, method, mname, commit, algo, epos, te_d, seed, params, acc, precision, recall, specificity, f1, auroc, binary_precision, binary_recall, binary_specificity, binary_f1_score, acc_oracle, acc_val, model_selection_epoch, experiment_duration
1, irm_dinov2_config1, mname_2024md_07md_09_16_48_03_seed_0, commit_b44271c83_not_commited, erm, 30, center0, 0, "{'gamma_reg': 1e-05}", 0.959412, 0.74603486, 0.7406193, 0.7406193, 0.74329257, 0.89405084, 0.5137255, 0.5019157, 0.97932297, 0.50775194, , , , 
2, irm_dinov2_config2, mname_2024md_07md_09_16_49_01_seed_0, commit_b44271c83_not_commited, erm, 30, center0, 0, "{'gamma_reg': 0.0001}", 0.96724194, 0.81162417, 0.7318784, 0.7318784, 0.7652336, 0.8959154, 0.6458333, 0.47509578, 0.988661, 0.54746133, , , , 
0, erm_dinov2, mname_2024md_07md_09_16_48_08_seed_0, commit_b44271c83_not_commited, erm, 30, center0, 0, "{}", 0.95701504, 0.72185665, 0.6349257, 0.6349257, 0.6663414, 0.8808445, 0.47435898, 0.2835249, 0.9863265, 0.35491604, , , , 
3, irm_dinov2_config3, mname_2024md_07md_09_16_47_37_seed_0, commit_b44271c83_not_commited, erm, 30, center0, 0, "{'gamma_reg': 0.001}", 0.9587728, 0.7421762, 0.7439505, 0.7439505, 0.74305964, 0.892229, 0.50570345, 0.5095785, 0.9783225, 0.5076336, , , , 
6, dial_dinov2_config1, mname_2024md_07md_09_16_48_53_seed_0, commit_b44271c83_not_commited, erm, 30, center0, 0, "{'dial_steps_perturb': 1, 'dial_noise_scale': 0.0001, 'dial_epsilon': 0.001}", 0.96724194, 0.8724725, 0.64942336, 0.64942336, 0.7091967, 0.87588954, 0.7745098, 0.30268198, 0.99616474, 0.4352617, , , , 
4, irm_dinov2_config4, mname_2024md_07md_09_16_48_48_seed_0, commit_b44271c83_not_commited, erm, 30, center0, 0, "{'gamma_reg': 0.1}", 0.95158195, 0.70991695, 0.77134836, 0.77134836, 0.73603904, 0.8962034, 0.4385965, 0.57471263, 0.967984, 0.49751243, , , , 
