param_index, method, mname, commit, algo, epos, te_d, seed, params, acc, precision, recall, specificity, f1, auroc, binary_precision, binary_recall, binary_specificity, binary_f1_score, acc_oracle, acc_val, model_selection_epoch, experiment_duration
4, irm_dinov2_config4, mname_2024md_07md_09_16_48_48_seed_0, commit_b44271c83_not_commited, erm, 30, center0, 0, "{'gamma_reg': 0.1}", 0.952533, 0.67132413, 0.7346579, 0.7346579, 0.69726306, 0.90118015, 0.3605823, 0.5007776, 0.9685382, 0.41927084, , , , 
2, irm_dinov2_config2, mname_2024md_07md_09_16_49_01_seed_0, commit_b44271c83_not_commited, erm, 30, center0, 0, "{'gamma_reg': 0.0001}", 0.9605683, 0.6972332, 0.6803136, 0.6803136, 0.68834424, 0.90110767, 0.41638225, 0.37947124, 0.981156, 0.3970708, , , , 
0, erm_dinov2, mname_2024md_07md_09_16_48_08_seed_0, commit_b44271c83_not_commited, erm, 30, center0, 0, "{}", 0.95955724, 0.6940412, 0.6940412, 0.6940412, 0.6940412, 0.91459304, 0.40902022, 0.40902022, 0.9790622, 0.40902022, , , , 
3, irm_dinov2_config3, mname_2024md_07md_09_16_47_37_seed_0, commit_b44271c83_not_commited, erm, 30, center0, 0, "{'gamma_reg': 0.001}", 0.95657724, 0.6843596, 0.7195004, 0.7195004, 0.70017684, 0.90222585, 0.38780805, 0.46500778, 0.97399306, 0.42291373, , , , 
6, dial_dinov2_config1, mname_2024md_07md_09_16_48_53_seed_0, commit_b44271c83_not_commited, erm, 30, center0, 0, "{'dial_steps_perturb': 1, 'dial_noise_scale': 0.0001, 'dial_epsilon': 0.001}", 0.9650383, 0.73723596, 0.766634, 0.766634, 0.750973, 0.9246055, 0.4903581, 0.55365473, 0.9796132, 0.52008766, , , , 
1, irm_dinov2_config1, mname_2024md_07md_09_16_48_03_seed_0, commit_b44271c83_not_commited, erm, 30, center0, 0, "{'gamma_reg': 1e-05}", 0.95721585, 0.6782696, 0.6830783, 0.6830783, 0.6806373, 0.8996433, 0.37821484, 0.3888025, 0.9773541, 0.38343558, , , , 
