param_index, method, mname, commit, algo, epos, te_d, seed, params, acc, precision, recall, specificity, f1, auroc, binary_precision, binary_recall, binary_specificity, binary_f1_score, acc_oracle, acc_val, model_selection_epoch, experiment_duration
4, irm_dinov2_config4, mname_2024md_07md_09_16_48_48_seed_0, commit_b44271c83_not_commited, erm, 30, center0, 0, "{'gamma_reg': 0.1}", 0.9871143, 0.9859555, 0.9802809, 0.9802809, 0.9830744, 0.9975073, 0.98360544, 0.9661616, 0.9944002, 0.9748054, , , , 
6, dial_dinov2_config1, mname_2024md_07md_09_16_48_53_seed_0, commit_b44271c83_not_commited, erm, 30, center0, 0, "{'dial_steps_perturb': 1, 'dial_noise_scale': 0.0001, 'dial_epsilon': 0.001}", 0.9922861, 0.993232, 0.9866034, 0.9866034, 0.9898593, 0.99869025, 0.99514496, 0.9748607, 0.99834603, 0.9848984, , , , 
0, erm_dinov2, mname_2024md_07md_09_16_48_08_seed_0, commit_b44271c83_not_commited, erm, 30, center0, 0, "{}", 0.9917602, 0.9917009, 0.98673487, 0.98673487, 0.9891849, 0.99863005, 0.9915804, 0.9763523, 0.99711746, 0.9839074, , , , 
2, irm_dinov2_config2, mname_2024md_07md_09_16_49_01_seed_0, commit_b44271c83_not_commited, erm, 30, center0, 0, "{'gamma_reg': 0.0001}", 0.9876578, 0.9893371, 0.9783854, 0.9783854, 0.9837011, 0.99751866, 0.99268633, 0.95922804, 0.99754274, 0.97567046, , , , 
3, irm_dinov2_config3, mname_2024md_07md_09_16_47_37_seed_0, commit_b44271c83_not_commited, erm, 30, center0, 0, "{'gamma_reg': 0.001}", 0.9889902, 0.98893654, 0.982232, 0.982232, 0.9855238, 0.9979335, 0.988828, 0.968268, 0.9961959, 0.97844, , , , 
1, irm_dinov2_config1, mname_2024md_07md_09_16_48_03_seed_0, commit_b44271c83_not_commited, erm, 30, center0, 0, "{'gamma_reg': 1e-05}", 0.98790324, 0.9881713, 0.9801465, 0.9801465, 0.9840723, 0.9979751, 0.9887108, 0.9641207, 0.99617237, 0.97626096, , , , 
