param_index, method, mname, commit, algo, epos, te_d, seed, params, acc, precision, recall, specificity, f1, auroc, binary_precision, binary_recall, binary_specificity, binary_f1_score, acc_oracle, acc_val, model_selection_epoch, experiment_duration
4, irm_dinov2_config4, mname_dset_te_center0_erm_b44271c83_not_commited_2024md_07md_09_16_48_48_seed_0_21787675, commit_b44271c83_not_commited, erm, 30, center0, 0, "{'gamma_reg': 0.1}", 0.95701504, 0.73266315, 0.75219506, 0.75219506, 0.74197555, 0.8939459, 0.48591548, 0.52873564, 0.9756545, 0.50642204, 0.9654842, 0.95796084, 29, 11:10:31.858793
6, dial_dinov2_config1, mname_dset_te_center0_erm_b44271c83_not_commited_2024md_07md_09_16_48_53_seed_0_21787676, commit_b44271c83_not_commited, erm, 30, center0, 0, "{'dial_steps_perturb': 1, 'dial_noise_scale': 0.0001, 'dial_epsilon': 0.001}", 0.96708214, 0.8826832, 0.6401783, 0.6401783, 0.7005705, 0.87697387, 0.79569894, 0.2835249, 0.9968318, 0.41807908, 0.9715564, 0.96753937, 27, 19:34:59.464241
0, erm_dinov2, mname_dset_te_center0_erm_b44271c83_not_commited_2024md_07md_09_16_48_08_seed_0_21787677, commit_b44271c83_not_commited, erm, 30, center0, 0, "{}", 0.96164906, 0.7830517, 0.6190202, 0.6190202, 0.6640349, 0.8873417, 0.5981308, 0.24521072, 0.99282974, 0.3478261, 0.96164906, 0.96290976, 25, 11:42:51.901600
1, irm_dinov2_config1, mname_dset_te_center0_erm_b44271c83_not_commited_2024md_07md_09_16_48_03_seed_0_21787678, commit_b44271c83_not_commited, erm, 30, center0, 0, "{'gamma_reg': 1e-05}", 0.9643656, 0.77625066, 0.78534764, 0.78534764, 0.7807156, 0.9106629, 0.5703704, 0.5900383, 0.980657, 0.58003765, 0.9643656, 0.957748, 5, 11:24:41.688632
3, irm_dinov2_config3, mname_dset_te_center0_erm_b44271c83_not_commited_2024md_07md_09_16_47_37_seed_0_21787679, commit_b44271c83_not_commited, erm, 30, center0, 0, "{'gamma_reg': 0.001}", 0.9605305, 0.7534089, 0.735706, 0.735706, 0.7441926, 0.8925071, 0.5289256, 0.49042144, 0.98099047, 0.5089463, 0.96228826, 0.96035546, 27, 12:51:12.675657
2, irm_dinov2_config2, mname_dset_te_center0_erm_b44271c83_not_commited_2024md_07md_09_16_49_01_seed_0_21787674, commit_b44271c83_not_commited, erm, 30, center0, 0, "{'gamma_reg': 0.0001}", 0.96724194, 0.81162417, 0.7318784, 0.7318784, 0.7652336, 0.8959154, 0.6458333, 0.47509578, 0.988661, 0.54746133, 0.96724194, 0.9605683, 30, 11:10:19.676518
