param_index, method, mname, commit, algo, epos, te_d, seed, params, acc, precision, recall, specificity, f1, auroc, binary_precision, binary_recall, binary_specificity, binary_f1_score, acc_oracle, acc_val, model_selection_epoch, experiment_duration
1, irm_resnet_config2, mname_dset_te_center0_erm_b44271c83_not_commited_2024md_06md_23_22_25_09_seed_0_21552885, commit_b44271c83_not_commited, erm, 30, center0, 0, "{'gamma_reg': 0.001}", 0.9581336, 0.693649, 0.50541365, 0.50541365, 0.5004984, 0.5802659, 0.42857143, 0.011494253, 0.999333, 0.02238806, 0.9682007, 0.96173906, 1, 8:39:25.609442
1, irm_resnet_config2, mname_dset_te_center0_erm_b44271c83_not_commited_2024md_06md_24_07_11_26_seed_1_21552885, commit_b44271c83_not_commited, erm, 30, center0, 1, "{'gamma_reg': 0.001}", 0.9569771, 0.47902888, 0.49941137, 0.49941137, 0.4890078, 0.32876015, 0.0, 0.0, 0.99882275, 0.0, 0.96841764, 0.96109927, 1, 10:03:39.020931
1, irm_resnet_config2, mname_dset_te_center0_erm_b44271c83_not_commited_2024md_06md_24_17_22_59_seed_2_21552885, commit_b44271c83_not_commited, erm, 30, center0, 2, "{'gamma_reg': 0.001}", 0.9608912, 0.6474143, 0.5037987, 0.5037987, 0.49808905, 0.6469275, 0.33333334, 0.008264462, 0.999333, 0.016129032, 0.9730726, 0.9674, 1, 11:32:15.748837
