param_index, method, mname, commit, algo, epos, te_d, seed, params, acc, precision, recall, specificity, f1, auroc, binary_precision, binary_recall, binary_specificity, binary_f1_score, acc_oracle, acc_val, model_selection_epoch, experiment_duration
0, erm_dinov2, mname_dset_te_center0_erm_b44271c83_not_commited_2024md_07md_06_07_43_06_seed_0_21716434, commit_b44271c83_not_commited, erm, 30, center0, 0, "{}", 0.9643656, 0.825909, 0.63326395, 0.63326395, 0.68534434, 0.8790069, 0.6826923, 0.27203065, 0.99449724, 0.3890411, 0.9696389, 0.962963, 24, 9:07:08.718432
0, erm_dinov2, mname_dset_te_center0_erm_b44271c83_not_commited_2024md_07md_06_16_55_58_seed_1_21716434, commit_b44271c83_not_commited, erm, 30, center0, 1, "{}", 0.96084434, 0.8119049, 0.56579405, 0.56579405, 0.6017789, 0.87740934, 0.6603774, 0.13461539, 0.99697274, 0.22364217, 0.9656784, 0.9648879, 28, 9:10:13.879532
0, erm_dinov2, mname_dset_te_center0_erm_b44271c83_not_commited_2024md_07md_07_02_12_25_seed_2_21716434, commit_b44271c83_not_commited, erm, 23, center0, 2, "{}", 0.9453438, 0.64484346, 0.6602788, 0.6602788, 0.652093, 0.87634313, 0.31598514, 0.35123968, 0.969318, 0.33268103, 0.94614524, 0.9667075, 3, 7:03:37.358325
