param_index, method, mname, commit, algo, epos, te_d, seed, params, acc, precision, recall, specificity, f1, auroc, binary_precision, binary_recall, binary_specificity, binary_f1_score, acc_oracle, acc_val, model_selection_epoch, experiment_duration
1, irm_dinov2_config1, mname_dset_te_center0_erm_b44271c83_not_commited_2024md_07md_06_08_23_37_seed_0_21716435, commit_b44271c83_not_commited, erm, 30, center0, 0, "{'gamma_reg': 1e-05}", 0.9606903, 0.7542112, 0.7486157, 0.7486157, 0.7513778, 0.89919865, 0.5294118, 0.51724136, 0.97999, 0.52325577, 0.96580374, 0.9600894, 27, 11:34:27.315454
1, irm_dinov2_config1, mname_dset_te_center0_erm_b44271c83_not_commited_2024md_07md_06_20_05_47_seed_1_21716435, commit_b44271c83_not_commited, erm, 30, center0, 1, "{'gamma_reg': 1e-05}", 0.96728975, 0.8501042, 0.67214096, 0.67214096, 0.7279243, 0.9125067, 0.728, 0.35, 0.9942819, 0.47272727, 0.9692233, 0.9645678, 24, 11:13:56.792056
1, irm_dinov2_config1, mname_dset_te_center0_erm_b44271c83_not_commited_2024md_07md_07_07_27_44_seed_2_21716435, commit_b44271c83_not_commited, erm, 30, center0, 2, "{'gamma_reg': 1e-05}", 0.9498317, 0.63987863, 0.6090793, 0.6090793, 0.6222095, 0.84972477, 0.31016043, 0.23966943, 0.9784892, 0.27039626, 0.9498317, 0.96601504, 5, 11:21:35.312145
