param_index, method, mname, commit, algo, epos, te_d, seed, params, acc, precision, recall, specificity, f1, auroc, binary_precision, binary_recall, binary_specificity, binary_f1_score, acc_oracle, acc_val, model_selection_epoch, experiment_duration
2, irm_dinov2_config2, mname_dset_te_center0_erm_b44271c83_not_commited_2024md_07md_06_01_18_46_seed_0_21716430, commit_b44271c83_not_commited, erm, 30, center0, 0, "{'gamma_reg': 0.0001}", 0.9650048, 0.790504, 0.7270465, 0.7270465, 0.754414, 0.8996333, 0.6039604, 0.46743295, 0.98666, 0.5269978, 0.9650048, 0.9623776, 26, 11:15:15.116707
2, irm_dinov2_config2, mname_dset_te_center0_erm_b44271c83_not_commited_2024md_07md_06_12_41_17_seed_1_21716430, commit_b44271c83_not_commited, erm, 30, center0, 1, "{'gamma_reg': 0.0001}", 0.9622946, 0.8282373, 0.5886187, 0.5886187, 0.6336104, 0.90638566, 0.6911765, 0.18076923, 0.9964682, 0.28658536, 0.96696746, 0.96403414, 24, 10:53:53.847561
2, irm_dinov2_config2, mname_dset_te_center0_erm_b44271c83_not_commited_2024md_07md_06_23_42_29_seed_2_21716430, commit_b44271c83_not_commited, erm, 30, center0, 2, "{'gamma_reg': 0.0001}", 0.9434204, 0.64813685, 0.6870367, 0.6870367, 0.664875, 0.87919545, 0.32038835, 0.4090909, 0.9649825, 0.35934666, 0.9501523, 0.9671869, 12, 11:00:51.024529
