param_index, method, mname, commit, algo, epos, te_d, seed, params, acc, precision, recall, specificity, f1, auroc, binary_precision, binary_recall, binary_specificity, binary_f1_score, acc_oracle, acc_val, model_selection_epoch, experiment_duration
4, irm_dinov2_config4, mname_dset_te_center0_erm_b44271c83_not_commited_2024md_07md_06_01_17_52_seed_0_21716431, commit_b44271c83_not_commited, erm, 30, center0, 0, "{'gamma_reg': 0.1}", 0.9637264, 0.7699379, 0.81799614, 0.81799614, 0.791724, 0.9141135, 0.5548387, 0.65900385, 0.9769885, 0.6024518, 0.9645254, 0.95753515, 7, 12:48:55.474410
4, irm_dinov2_config4, mname_dset_te_center0_erm_b44271c83_not_commited_2024md_07md_06_14_13_00_seed_1_21716431, commit_b44271c83_not_commited, erm, 30, center0, 1, "{'gamma_reg': 0.1}", 0.9661618, 0.8508998, 0.64948446, 0.64948446, 0.70595586, 0.9089452, 0.7314815, 0.30384615, 0.9951228, 0.4293478, 0.9685788, 0.9639808, 14, 12:48:20.446583
4, irm_dinov2_config4, mname_dset_te_center0_erm_b44271c83_not_commited_2024md_07md_07_03_07_41_seed_2_21716431, commit_b44271c83_not_commited, erm, 30, center0, 2, "{'gamma_reg': 0.1}", 0.95111394, 0.66661453, 0.6553494, 0.6553494, 0.66075087, 0.8730247, 0.36, 0.33471075, 0.975988, 0.3468951, 0.95223594, 0.96708035, 8, 12:45:46.580938
