param_index, method, mname, commit, algo, epos, te_d, seed, params, acc, precision, recall, specificity, f1, auroc, binary_precision, binary_recall, binary_specificity, binary_f1_score, acc_oracle, acc_val, model_selection_epoch, experiment_duration
6, irm_dinov2_config5, mname_dset_te_center0_erm_b44271c83_not_commited_2024md_07md_06_16_09_40_seed_0_21716437, commit_b44271c83_not_commited, erm, 30, center0, 0, "{'gamma_reg': 1.0}", 0.9589326, 0.74529296, 0.8118303, 0.8118303, 0.773976, 0.9139838, 0.50595236, 0.651341, 0.9723195, 0.5695143, 0.96260786, 0.9583333, 10, 11:36:01.147675
6, irm_dinov2_config5, mname_dset_te_center0_erm_b44271c83_not_commited_2024md_07md_07_03_53_14_seed_1_21716437, commit_b44271c83_not_commited, erm, 30, center0, 1, "{'gamma_reg': 1.0}", 0.96696746, 0.85323334, 0.6627778, 0.6627778, 0.7195999, 0.91425073, 0.73504275, 0.33076924, 0.9947864, 0.45623344, 0.96890104, 0.96376735, 15, 11:40:35.346653
6, irm_dinov2_config5, mname_dset_te_center0_erm_b44271c83_not_commited_2024md_07md_07_15_42_03_seed_2_21716437, commit_b44271c83_not_commited, erm, 30, center0, 2, "{'gamma_reg': 1.0}", 0.9471069, 0.6537796, 0.6671442, 0.6671442, 0.66013086, 0.87225705, 0.33333334, 0.36363637, 0.970652, 0.34782606, 0.9498317, 0.9671869, 8, 12:11:19.621120
