param_index, method, mname, commit, algo, epos, te_d, seed, params, acc, precision, recall, specificity, f1, auroc, binary_precision, binary_recall, binary_specificity, binary_f1_score, acc_oracle, acc_val, model_selection_epoch, experiment_duration
0, erm_dinov2, mname_dset_te_center0_erm_b44271c83_not_commited_2024md_06md_25_03_47_35_seed_0_21556221, commit_b44271c83_not_commited, erm, 21, center0, 0, "{}", 0.95717484, 0.73145807, 0.72296107, 0.72296107, 0.7271183, 0.89071035, 0.4860558, 0.46743295, 0.9784892, 0.47656253, 0.95717484, 0.95663047, 1, 5:57:59.967985
0, erm_dinov2, mname_dset_te_center0_erm_b44271c83_not_commited_2024md_06md_25_09_54_24_seed_1_21556221, commit_b44271c83_not_commited, erm, 22, center0, 1, "{}", 0.9569771, 0.73602843, 0.7918103, 0.7918103, 0.76050717, 0.9122804, 0.48923078, 0.61153847, 0.9720821, 0.5435898, 0.9569771, 0.95490927, 2, 6:44:38.664863
0, erm_dinov2, mname_dset_te_center0_erm_b44271c83_not_commited_2024md_06md_25_16_46_12_seed_2_21556221, commit_b44271c83_not_commited, erm, 25, center0, 2, "{}", 0.9475877, 0.691183, 0.8141171, 0.8141171, 0.7350236, 0.8991451, 0.39608803, 0.6694215, 0.9588127, 0.49769583, 0.9487097, 0.9514196, 5, 10:21:32.994924
