param_index, method, mname, commit, algo, epos, te_d, seed, params, acc, precision, recall, specificity, f1, auroc, binary_precision, binary_recall, binary_specificity, binary_f1_score, acc_oracle, acc_val, model_selection_epoch, experiment_duration
1, irm_dinov2_config1, mname_dset_te_center0_erm_b44271c83_not_commited_2024md_06md_25_05_09_19_seed_0_21556222, commit_b44271c83_not_commited, erm, 30, center0, 0, "{'gamma_reg': 1e-05}", 0.9592522, 0.7449634, 0.7368713, 0.7368713, 0.74083966, 0.89946955, 0.5119048, 0.49425286, 0.97948974, 0.50292397, 0.959412, 0.95705616, 4, 11:28:36.731512
1, irm_dinov2_config1, mname_dset_te_center0_erm_b44271c83_not_commited_2024md_06md_25_16_46_57_seed_1_21556222, commit_b44271c83_not_commited, erm, 30, center0, 1, "{'gamma_reg': 1e-05}", 0.9624557, 0.76825845, 0.7394997, 0.7394997, 0.75295645, 0.9140903, 0.5584416, 0.49615383, 0.9828456, 0.5254582, 0.9624557, 0.9593383, 7, 12:51:43.475696
1, irm_dinov2_config1, mname_dset_te_center0_erm_b44271c83_not_commited_2024md_06md_26_05_47_59_seed_2_21556222, commit_b44271c83_not_commited, erm, 30, center0, 2, "{'gamma_reg': 1e-05}", 0.9475877, 0.6876804, 0.7942897, 0.7942897, 0.7270865, 0.8948289, 0.3907455, 0.6280992, 0.9604802, 0.48177496, 0.95095366, 0.95413625, 10, 12:53:19.722095
