param_index, method, mname, commit, algo, epos, te_d, seed, params, acc, precision, recall, specificity, f1, auroc, binary_precision, binary_recall, binary_specificity, binary_f1_score, acc_oracle, acc_val, model_selection_epoch, experiment_duration
2, irm_dinov2_config2, mname_dset_te_center0_erm_b44271c83_not_commited_2024md_06md_24_12_41_19_seed_0_21556217, commit_b44271c83_not_commited, erm, 30, center0, 0, "{'gamma_reg': 0.0001}", 0.9587728, 0.7428375, 0.76410615, 0.76410615, 0.7529593, 0.9057907, 0.50526315, 0.55172414, 0.97648823, 0.52747256, 0.9611697, 0.957003, 5, 13:46:51.248352
2, irm_dinov2_config2, mname_dset_te_center0_erm_b44271c83_not_commited_2024md_06md_25_02_35_58_seed_1_21556217, commit_b44271c83_not_commited, erm, 30, center0, 1, "{'gamma_reg': 0.0001}", 0.96019983, 0.75210726, 0.75303435, 0.75303435, 0.7525698, 0.91441107, 0.5249042, 0.52692306, 0.97914565, 0.5259117, 0.9611666, 0.9585912, 7, 11:33:46.636164
2, irm_dinov2_config2, mname_dset_te_center0_erm_b44271c83_not_commited_2024md_06md_25_14_19_13_seed_2_21556217, commit_b44271c83_not_commited, erm, 30, center0, 2, "{'gamma_reg': 0.0001}", 0.94326013, 0.6621865, 0.73652184, 0.73652184, 0.69107604, 0.8768889, 0.34444445, 0.5123967, 0.960647, 0.41196012, 0.9471069, 0.95408297, 6, 13:48:06.768544
