param_index, method, mname, commit, algo, epos, te_d, seed, params, acc, precision, recall, specificity, f1, auroc, binary_precision, binary_recall, binary_specificity, binary_f1_score, acc_oracle, acc_val, model_selection_epoch, experiment_duration
3, irm_dinov2_config3, mname_dset_te_center0_erm_b44271c83_not_commited_2024md_06md_25_05_08_02_seed_0_21556223, commit_b44271c83_not_commited, erm, 30, center0, 0, "{'gamma_reg': 0.001}", 0.95621604, 0.727972, 0.74628115, 0.74628115, 0.73671836, 0.8992108, 0.4770318, 0.51724136, 0.975321, 0.49632353, 0.95669544, 0.9559919, 4, 10:05:29.603464
3, irm_dinov2_config3, mname_dset_te_center0_erm_b44271c83_not_commited_2024md_06md_25_15_21_26_seed_1_21556223, commit_b44271c83_not_commited, erm, 30, center0, 1, "{'gamma_reg': 0.001}", 0.96132773, 0.7605548, 0.7297162, 0.7297162, 0.74403465, 0.9111801, 0.54385966, 0.47692308, 0.98250926, 0.5081968, 0.96132773, 0.9590715, 6, 11:54:11.223316
3, irm_dinov2_config3, mname_dset_te_center0_erm_b44271c83_not_commited_2024md_06md_26_03_23_27_seed_2_21556223, commit_b44271c83_not_commited, erm, 30, center0, 2, "{'gamma_reg': 0.001}", 0.9434204, 0.66614187, 0.75048435, 0.75048435, 0.6981299, 0.88333833, 0.35120642, 0.5413223, 0.95964646, 0.42601624, 0.94919056, 0.9545624, 7, 11:13:57.050431
