param_index, method, mname, commit, algo, epos, te_d, seed, params, acc, precision, recall, specificity, f1, auroc, binary_precision, binary_recall, binary_specificity, binary_f1_score, acc_oracle, acc_val, model_selection_epoch, experiment_duration
5, irm_dinov2_config4, mname_dset_te_center0_erm_b44271c83_not_commited_2024md_06md_24_14_40_06_seed_0_21556218, commit_b44271c83_not_commited, erm, 30, center0, 0, "{'gamma_reg': 0.1}", 0.95733464, 0.7336729, 0.7413678, 0.7413678, 0.7374487, 0.8985956, 0.4888889, 0.50574714, 0.9769885, 0.49717516, 0.9576542, 0.9564176, 4, 13:44:58.610841
5, irm_dinov2_config4, mname_dset_te_center0_erm_b44271c83_not_commited_2024md_06md_25_04_32_57_seed_1_21556218, commit_b44271c83_not_commited, erm, 30, center0, 1, "{'gamma_reg': 0.1}", 0.9622946, 0.76673836, 0.7430936, 0.7430936, 0.7542942, 0.91455984, 0.55508476, 0.50384617, 0.98234105, 0.52822584, 0.9626168, 0.95981854, 7, 10:44:52.151629
5, irm_dinov2_config4, mname_dset_te_center0_erm_b44271c83_not_commited_2024md_06md_25_15_25_26_seed_2_21556218, commit_b44271c83_not_commited, erm, 30, center0, 2, "{'gamma_reg': 0.1}", 0.9469466, 0.6882158, 0.8078354, 0.8078354, 0.73100126, 0.89796066, 0.3906634, 0.6570248, 0.958646, 0.48998457, 0.9469466, 0.95312417, 12, 13:19:14.074815
