param_index, method, mname, commit, algo, epos, te_d, seed, params, acc, precision, recall, specificity, f1, auroc, binary_precision, binary_recall, binary_specificity, binary_f1_score, acc_oracle, acc_val, model_selection_epoch, experiment_duration
6, irm_dinov2_config5, mname_dset_te_center0_erm_b44271c83_not_commited_2024md_06md_25_05_08_02_seed_0_21556224, commit_b44271c83_not_commited, erm, 30, center0, 0, "{'gamma_reg': 1.0}", 0.958613, 0.7409568, 0.7365378, 0.7365378, 0.7387239, 0.8981828, 0.50390625, 0.49425286, 0.97882277, 0.49903286, 0.9614893, 0.95689654, 4, 10:05:29.291639
6, irm_dinov2_config5, mname_dset_te_center0_erm_b44271c83_not_commited_2024md_06md_25_15_21_26_seed_1_21556224, commit_b44271c83_not_commited, erm, 30, center0, 1, "{'gamma_reg': 1.0}", 0.9614889, 0.76163244, 0.73163927, 0.73163927, 0.74560106, 0.91073376, 0.5458515, 0.48076922, 0.98250926, 0.51124746, 0.9614889, 0.9588581, 6, 11:54:10.678757
6, irm_dinov2_config5, mname_dset_te_center0_erm_b44271c83_not_commited_2024md_06md_26_03_23_30_seed_2_21556224, commit_b44271c83_not_commited, erm, 30, center0, 2, "{'gamma_reg': 1.0}", 0.9422985, 0.6638688, 0.75386626, 0.75386626, 0.6972728, 0.8836684, 0.34635416, 0.5495868, 0.95814574, 0.42492014, 0.9487097, 0.95402974, 7, 11:13:54.578172
