param_index, method, mname, commit, algo, epos, te_d, seed, params, acc, precision, recall, specificity, f1, auroc, binary_precision, binary_recall, binary_specificity, binary_f1_score, acc_oracle, acc_val, model_selection_epoch, experiment_duration
0, erm_dinov2, mname_dset_te_center0_erm_b44271c83_not_commited_2024md_07md_13_01_24_10_seed_0_21955594, commit_b44271c83_not_commited, erm, 14, center0, 0, "{}", 0.9134021, 0.91352075, 0.9189061, 0.9189061, 0.9131329, 0.9593971, 0.9710744, 0.8703704, 0.96744186, 0.9179688, 0.9134021, 0.92158383, 9, 3:46:01.935733
0, erm_dinov2, mname_dset_te_center0_erm_b44271c83_not_commited_2024md_07md_13_05_23_48_seed_1_21955594, commit_b44271c83_not_commited, erm, 13, center0, 1, "{}", 0.91004187, 0.9135089, 0.9132982, 0.9132982, 0.91004145, 0.9465085, 0.96875, 0.8577075, 0.9688889, 0.9098532, 0.91004187, 0.9172521, 8, 3:30:41.632669
0, erm_dinov2, mname_dset_te_center0_erm_b44271c83_not_commited_2024md_07md_13_09_08_07_seed_2_21955594, commit_b44271c83_not_commited, erm, 12, center0, 2, "{}", 0.8821053, 0.8931989, 0.89073896, 0.89073896, 0.8820796, 0.9480909, 0.98564595, 0.7953668, 0.9861111, 0.8803419, 0.90947366, 0.9021909, 7, 3:19:55.233850
