param_index, method, mname, commit, algo, epos, te_d, seed, params, acc, precision, recall, specificity, f1, auroc, binary_precision, binary_recall, binary_specificity, binary_f1_score, acc_oracle, acc_val, model_selection_epoch, experiment_duration
1, irm_dinov2_config1, mname_dset_te_center0_erm_b44271c83_not_commited_2024md_07md_13_05_50_53_seed_0_21955595, commit_b44271c83_not_commited, erm, 30, center0, 0, "{'gamma_reg': 1e-05}", 0.9030928, 0.9059371, 0.91059434, 0.91059434, 0.9029591, 0.95614123, 0.9785408, 0.84444445, 0.9767442, 0.90656066, 0.91752577, 0.91925466, 30, 5:04:00.641580
1, irm_dinov2_config1, mname_dset_te_center0_erm_b44271c83_not_commited_2024md_07md_13_11_08_26_seed_1_21955595, commit_b44271c83_not_commited, erm, 30, center0, 1, "{'gamma_reg': 1e-05}", 0.8786611, 0.8800673, 0.88094866, 0.88094866, 0.87864196, 0.9401493, 0.9220779, 0.84189725, 0.92, 0.8801653, 0.9079498, 0.90163934, 27, 4:54:30.471163
1, irm_dinov2_config1, mname_dset_te_center0_erm_b44271c83_not_commited_2024md_07md_13_16_16_04_seed_2_21955595, commit_b44271c83_not_commited, erm, 30, center0, 2, "{'gamma_reg': 1e-05}", 0.8947368, 0.9006939, 0.9015534, 0.9015534, 0.8947327, 0.95390034, 0.977169, 0.82625484, 0.9768519, 0.89539754, 0.9073684, 0.91079813, 27, 4:58:35.754454
