param_index, method, mname, commit, algo, epos, te_d, seed, params, acc, precision, recall, specificity, f1, auroc, binary_precision, binary_recall, binary_specificity, binary_f1_score, acc_oracle, acc_val, model_selection_epoch, experiment_duration
2, irm_dinov2_config2, mname_dset_te_center0_erm_b44271c83_not_commited_2024md_07md_12_22_46_44_seed_0_21955590, commit_b44271c83_not_commited, erm, 30, center0, 0, "{'gamma_reg': 0.0001}", 0.9030928, 0.9059371, 0.91059434, 0.91059434, 0.9029591, 0.95598626, 0.9785408, 0.84444445, 0.9767442, 0.90656066, 0.91752577, 0.91770184, 30, 5:05:16.773516
2, irm_dinov2_config2, mname_dset_te_center0_erm_b44271c83_not_commited_2024md_07md_13_04_05_29_seed_1_21955590, commit_b44271c83_not_commited, erm, 30, center0, 1, "{'gamma_reg': 0.0001}", 0.8786611, 0.8800673, 0.88094866, 0.88094866, 0.87864196, 0.9401493, 0.9220779, 0.84189725, 0.92, 0.8801653, 0.9079498, 0.90163934, 27, 5:02:35.869424
2, irm_dinov2_config2, mname_dset_te_center0_erm_b44271c83_not_commited_2024md_07md_13_09_21_55_seed_2_21955590, commit_b44271c83_not_commited, erm, 30, center0, 2, "{'gamma_reg': 0.0001}", 0.8947368, 0.9006939, 0.9015534, 0.9015534, 0.8947327, 0.95390034, 0.977169, 0.82625484, 0.9768519, 0.89539754, 0.9073684, 0.91079813, 27, 4:59:26.322456
