param_index, method, mname, commit, algo, epos, te_d, seed, params, acc, precision, recall, specificity, f1, auroc, binary_precision, binary_recall, binary_specificity, binary_f1_score, acc_oracle, acc_val, model_selection_epoch, experiment_duration
3, irm_dinov2_config3, mname_dset_te_center0_erm_b44271c83_not_commited_2024md_07md_13_11_09_35_seed_0_21955596, commit_b44271c83_not_commited, erm, 30, center0, 0, "{'gamma_reg': 0.001}", 0.90515465, 0.90578234, 0.9110249, 0.9110249, 0.904902, 0.95305765, 0.96666664, 0.85925925, 0.96279067, 0.9098039, 0.90515465, 0.9114907, 30, 4:57:02.342268
3, irm_dinov2_config3, mname_dset_te_center0_erm_b44271c83_not_commited_2024md_07md_13_16_19_43_seed_1_21955596, commit_b44271c83_not_commited, erm, 30, center0, 1, "{'gamma_reg': 0.001}", 0.9121339, 0.9127397, 0.9140448, 0.9140448, 0.9120954, 0.9538164, 0.94893616, 0.88142294, 0.94666666, 0.9139344, 0.91422594, 0.90710384, 23, 4:57:36.004248
3, irm_dinov2_config3, mname_dset_te_center0_erm_b44271c83_not_commited_2024md_07md_13_21_30_35_seed_2_21955596, commit_b44271c83_not_commited, erm, 30, center0, 2, "{'gamma_reg': 0.001}", 0.86526316, 0.87019455, 0.8714518, 0.8714518, 0.8652482, 0.93438077, 0.9411765, 0.8030888, 0.9398148, 0.8666667, 0.8736842, 0.9084507, 28, 4:52:19.280825
