param_index, method, mname, commit, algo, epos, te_d, seed, params, acc, precision, recall, specificity, f1, auroc, binary_precision, binary_recall, binary_specificity, binary_f1_score, acc_oracle, acc_val, model_selection_epoch, experiment_duration
4, irm_dinov2_config4, mname_dset_te_center0_erm_b44271c83_not_commited_2024md_07md_12_23_08_03_seed_0_21955591, commit_b44271c83_not_commited, erm, 30, center0, 0, "{'gamma_reg': 0.1}", 0.89896905, 0.901807, 0.9064169, 0.9064169, 0.8988297, 0.95040476, 0.97424895, 0.84074074, 0.97209305, 0.9025845, 0.89896905, 0.9130435, 30, 5:27:25.027140
4, irm_dinov2_config4, mname_dset_te_center0_erm_b44271c83_not_commited_2024md_07md_13_04_49_58_seed_1_21955591, commit_b44271c83_not_commited, erm, 30, center0, 1, "{'gamma_reg': 0.1}", 0.9121339, 0.9127397, 0.9140448, 0.9140448, 0.9120954, 0.95342994, 0.94893616, 0.88142294, 0.94666666, 0.9139344, 0.91422594, 0.9078845, 23, 5:21:10.708741
4, irm_dinov2_config4, mname_dset_te_center0_erm_b44271c83_not_commited_2024md_07md_13_10_26_13_seed_2_21955591, commit_b44271c83_not_commited, erm, 30, center0, 2, "{'gamma_reg': 0.1}", 0.86526316, 0.87019455, 0.8714518, 0.8714518, 0.8652482, 0.933934, 0.9411765, 0.8030888, 0.9398148, 0.8666667, 0.8736842, 0.90923315, 28, 5:23:13.496784
