param_index, method, mname, commit, algo, epos, te_d, seed, params, acc, precision, recall, specificity, f1, auroc, binary_precision, binary_recall, binary_specificity, binary_f1_score, acc_oracle, acc_val, model_selection_epoch, experiment_duration
5, irm_dinov2_config5, mname_dset_te_center0_erm_b44271c83_not_commited_2024md_07md_13_12_11_06_seed_0_21955597, commit_b44271c83_not_commited, erm, 30, center0, 0, "{'gamma_reg': 1.0}", 0.88247424, 0.8833724, 0.888286, 0.888286, 0.8821857, 0.95112836, 0.9456067, 0.837037, 0.9395349, 0.8880157, 0.8907217, 0.9076087, 27, 5:19:54.275935
5, irm_dinov2_config5, mname_dset_te_center0_erm_b44271c83_not_commited_2024md_07md_13_17_45_43_seed_1_21955597, commit_b44271c83_not_commited, erm, 30, center0, 1, "{'gamma_reg': 1.0}", 0.9079498, 0.90855443, 0.9098463, 0.9098463, 0.9079095, 0.96093106, 0.94468087, 0.8774704, 0.94222224, 0.9098361, 0.9079498, 0.90163934, 28, 5:11:19.270658
5, irm_dinov2_config5, mname_dset_te_center0_erm_b44271c83_not_commited_2024md_07md_13_23_10_41_seed_2_21955597, commit_b44271c83_not_commited, erm, 30, center0, 2, "{'gamma_reg': 1.0}", 0.84, 0.8596154, 0.850976, 0.850976, 0.83968663, 0.93023384, 0.9692308, 0.7297297, 0.9722222, 0.83259904, 0.8947368, 0.90688574, 30, 5:02:12.460806
