param_index, method, mname, commit, algo, epos, te_d, seed, params, acc, precision, recall, specificity, f1, auroc, binary_precision, binary_recall, binary_specificity, binary_f1_score, acc_oracle, acc_val, model_selection_epoch, experiment_duration
0, erm_dinov2, mname_dset_te_center0_erm_b888c1ef2_not_commited_2024md_07md_20_13_32_02_seed_0_22504809, commit_b888c1ef2_not_commited, erm, 23, center0, 0, "{}", 0.83255816, 0.83301926, 0.83255816, 0.83255816, 0.83250016, 0.91251487, 0.8206278, 0.8511628, 0.81395346, 0.83561647, 0.8465116, 0.80279505, 18, 0:32:42.916560
0, erm_dinov2, mname_dset_te_center0_erm_b888c1ef2_not_commited_2024md_07md_20_14_06_03_seed_1_22504809, commit_b888c1ef2_not_commited, erm, 30, center0, 1, "{}", 0.8666667, 0.86902845, 0.8666667, 0.8666667, 0.866453, 0.93025184, 0.89855075, 0.82666665, 0.9066667, 0.86111116, 0.8711111, 0.8149883, 28, 0:42:40.019446
0, erm_dinov2, mname_dset_te_center0_erm_b888c1ef2_not_commited_2024md_07md_20_14_49_59_seed_2_22504809, commit_b888c1ef2_not_commited, erm, 6, center0, 2, "{}", 0.4375, 0.4324609, 0.4375, 0.4375, 0.4268086, 0.42024606, 0.41401273, 0.30092594, 0.5740741, 0.3485255, 0.5555556, 0.6768388, 1, 0:08:28.527331
