param_index, method, mname, commit, algo, epos, te_d, seed, params, acc, precision, recall, specificity, f1, auroc, binary_precision, binary_recall, binary_specificity, binary_f1_score, acc_oracle, acc_val, model_selection_epoch, experiment_duration
2, irm_dinov2_config2, mname_dset_te_center0_erm_b888c1ef2_not_commited_2024md_07md_20_12_53_26_seed_0_22504803, commit_b888c1ef2_not_commited, erm, 30, center0, 0, "{'gamma_reg': 0.0001}", 0.80697674, 0.80714285, 0.80697674, 0.80697674, 0.8069506, 0.8724067, 0.8142857, 0.7953488, 0.81860465, 0.80470586, 0.80697674, 0.76319873, 30, 0:44:12.593499
2, irm_dinov2_config2, mname_dset_te_center0_erm_b888c1ef2_not_commited_2024md_07md_20_13_39_04_seed_1_22504803, commit_b888c1ef2_not_commited, erm, 30, center0, 1, "{'gamma_reg': 0.0001}", 0.67777777, 0.732294, 0.67777777, 0.67777777, 0.6576941, 0.8529185, 0.8448276, 0.43555555, 0.92, 0.57478005, 0.67777777, 0.6416862, 26, 0:44:33.881735
2, irm_dinov2_config2, mname_dset_te_center0_erm_b888c1ef2_not_commited_2024md_07md_20_14_25_04_seed_2_22504803, commit_b888c1ef2_not_commited, erm, 30, center0, 2, "{'gamma_reg': 0.0001}", 0.47685185, 0.47295403, 0.47685188, 0.47685188, 0.45729852, 0.4962706, 0.46268657, 0.28703704, 0.6666667, 0.35428572, 0.5694444, 0.68075114, 7, 0:43:42.952646
