param_index, method, mname, commit, algo, epos, te_d, seed, params, acc, precision, recall, specificity, f1, auroc, binary_precision, binary_recall, binary_specificity, binary_f1_score, acc_oracle, acc_val, model_selection_epoch, experiment_duration
3, irm_dinov2_config3, mname_dset_te_center0_erm_b888c1ef2_not_commited_2024md_07md_20_15_02_23_seed_0_22504813, commit_b888c1ef2_not_commited, erm, 30, center0, 0, "{'gamma_reg': 0.001}", 0.80465114, 0.8063477, 0.80465114, 0.80465114, 0.8043803, 0.8792645, 0.8291457, 0.76744187, 0.8418605, 0.7971014, 0.80465114, 0.76552796, 30, 0:39:20.489186
3, irm_dinov2_config3, mname_dset_te_center0_erm_b888c1ef2_not_commited_2024md_07md_20_15_43_00_seed_1_22504813, commit_b888c1ef2_not_commited, erm, 30, center0, 1, "{'gamma_reg': 0.001}", 0.6844444, 0.73966277, 0.6844444, 0.6844444, 0.6651575, 0.8566321, 0.85470086, 0.44444445, 0.92444444, 0.5847953, 0.68666667, 0.6338798, 30, 0:38:46.560484
3, irm_dinov2_config3, mname_dset_te_center0_erm_b888c1ef2_not_commited_2024md_07md_20_16_23_01_seed_2_22504813, commit_b888c1ef2_not_commited, erm, 30, center0, 2, "{'gamma_reg': 0.001}", 0.4652778, 0.46305335, 0.4652778, 0.4652778, 0.45710635, 0.44918126, 0.45398772, 0.3425926, 0.587963, 0.39050132, 0.5578704, 0.6830986, 5, 0:37:57.712077
