param_index, method, mname, commit, algo, epos, te_d, seed, params, acc, precision, recall, specificity, f1, auroc, binary_precision, binary_recall, binary_specificity, binary_f1_score, acc_oracle, acc_val, model_selection_epoch, experiment_duration
5, irm_dinov2_config5, mname_dset_te_center0_erm_b888c1ef2_not_commited_2024md_07md_20_15_02_20_seed_0_22504815, commit_b888c1ef2_not_commited, erm, 30, center0, 0, "{'gamma_reg': 1.0}", 0.7837209, 0.7859541, 0.7837209, 0.7837209, 0.78329784, 0.8647052, 0.81122446, 0.73953485, 0.82790697, 0.7737226, 0.7906977, 0.7569876, 28, 0:29:05.339702
5, irm_dinov2_config5, mname_dset_te_center0_erm_b888c1ef2_not_commited_2024md_07md_20_15_32_23_seed_1_22504815, commit_b888c1ef2_not_commited, erm, 30, center0, 1, "{'gamma_reg': 1.0}", 0.68222225, 0.7329545, 0.68222225, 0.68222225, 0.6639248, 0.85333335, 0.84166664, 0.4488889, 0.91555554, 0.5855073, 0.68222225, 0.63700235, 27, 0:29:20.496146
5, irm_dinov2_config5, mname_dset_te_center0_erm_b888c1ef2_not_commited_2024md_07md_20_16_02_43_seed_2_22504815, commit_b888c1ef2_not_commited, erm, 30, center0, 2, "{'gamma_reg': 1.0}", 0.4837963, 0.48283964, 0.4837963, 0.4837963, 0.4765002, 0.46352023, 0.47878787, 0.36574075, 0.6018519, 0.41469815, 0.5601852, 0.68622845, 6, 0:28:50.347094
