param_index, method, mname, commit, algo, epos, te_d, seed, params, acc, precision, recall, specificity, f1, auroc, binary_precision, binary_recall, binary_specificity, binary_f1_score, acc_oracle, acc_val, model_selection_epoch, experiment_duration
0, erm_resnet_lr1e-4, mname_dset_te_center0_erm_b44271c83_not_commited_2024md_06md_23_13_19_29_seed_0_21551150, commit_b44271c83_not_commited, erm, 30, center0, 0, "{}", 0.95589644, 0.6967333, 0.5812044, 0.5812044, 0.61159277, 0.8284277, 0.42857143, 0.1724138, 0.989995, 0.24590163, 0.9685203, 0.9643465, 29, 10:30:26.401214
0, erm_resnet_lr1e-4, mname_dset_te_center0_erm_b44271c83_not_commited_2024md_06md_23_23_58_21_seed_1_21551150, commit_b44271c83_not_commited, erm, 30, center0, 1, "{}", 0.96052206, 0.79989207, 0.5656259, 0.5656259, 0.60098463, 0.8462311, 0.6363636, 0.13461539, 0.9966364, 0.22222222, 0.9698679, 0.9670224, 12, 10:27:05.600428
0, erm_resnet_lr1e-4, mname_dset_te_center0_erm_b44271c83_not_commited_2024md_06md_24_10_35_57_seed_2_21551150, commit_b44271c83_not_commited, erm, 30, center0, 2, "{}", 0.96377623, 0.7961437, 0.58064365, 0.58064365, 0.62143534, 0.8305985, 0.625, 0.16528925, 0.995998, 0.2614379, 0.9705081, 0.9667075, 15, 14:53:46.626086
