param_index, method, mname, commit, algo, epos, te_d, seed, params, acc, precision, recall, specificity, f1, auroc, binary_precision, binary_recall, binary_specificity, binary_f1_score, acc_oracle, acc_val, model_selection_epoch, experiment_duration
1, erm_resnet_lr5e-5, mname_dset_te_center0_erm_b44271c83_not_commited_2024md_06md_23_13_18_34_seed_0_21551151, commit_b44271c83_not_commited, erm, 30, center0, 0, "{}", 0.96340686, 0.80265003, 0.640093, 0.640093, 0.6884552, 0.8508463, 0.63559324, 0.28735632, 0.99282974, 0.39577836, 0.9697987, 0.9653576, 23, 7:53:10.090891
1, erm_resnet_lr5e-5, mname_dset_te_center0_erm_b44271c83_not_commited_2024md_06md_23_21_17_29_seed_1_21551151, commit_b44271c83_not_commited, erm, 30, center0, 1, "{}", 0.9589107, 0.7466345, 0.58685285, 0.58685285, 0.62410104, 0.84841716, 0.5280899, 0.18076923, 0.99293643, 0.269341, 0.970029, 0.96611524, 25, 7:49:53.021785
1, erm_resnet_lr5e-5, mname_dset_te_center0_erm_b44271c83_not_commited_2024md_06md_24_05_13_18_seed_2_21551151, commit_b44271c83_not_commited, erm, 30, center0, 2, "{}", 0.96361595, 0.7691787, 0.6261633, 0.6261633, 0.66910946, 0.83614445, 0.5675676, 0.2603306, 0.991996, 0.35694054, 0.9703478, 0.9675065, 22, 9:13:05.101404
