param_index, method, mname, commit, algo, epos, te_d, seed, params, acc, precision, recall, specificity, f1, auroc, binary_precision, binary_recall, binary_specificity, binary_f1_score, acc_oracle, acc_val, model_selection_epoch, experiment_duration
2, erm_resnet_lr1e-5, mname_dset_te_center0_erm_b44271c83_not_commited_2024md_06md_23_13_21_30_seed_0_21551148, commit_b44271c83_not_commited, erm, 30, center0, 0, "{}", 0.9680409, 0.82359827, 0.72496593, 0.72496593, 0.7644464, 0.86052895, 0.6703911, 0.4597701, 0.9901618, 0.54545456, 0.9694791, 0.96227115, 30, 10:57:39.585748
2, erm_resnet_lr1e-5, mname_dset_te_center0_erm_b44271c83_not_commited_2024md_06md_24_00_27_42_seed_1_21551148, commit_b44271c83_not_commited, erm, 30, center0, 1, "{}", 0.96793425, 0.8370348, 0.7019011, 0.7019011, 0.75078756, 0.8660263, 0.6993464, 0.41153845, 0.99226373, 0.5181598, 0.9709958, 0.9627535, 29, 11:23:47.568347
2, erm_resnet_lr1e-5, mname_dset_te_center0_erm_b44271c83_not_commited_2024md_06md_24_12_04_53_seed_2_21551148, commit_b44271c83_not_commited, erm, 30, center0, 2, "{}", 0.96890527, 0.81197727, 0.7141725, 0.7141725, 0.75304866, 0.8375784, 0.64634144, 0.43801653, 0.9903285, 0.5221675, 0.969867, 0.9626591, 11, 15:30:33.122473
