param_index, method, mname, commit, algo, epos, te_d, seed, params, acc, precision, recall, specificity, f1, auroc, binary_precision, binary_recall, binary_specificity, binary_f1_score, acc_oracle, acc_val, model_selection_epoch, experiment_duration
3, erm_resnet_lr5e-6, mname_dset_te_center0_erm_b44271c83_not_commited_2024md_06md_23_13_18_01_seed_0_21551152, commit_b44271c83_not_commited, erm, 21, center0, 0, "{}", 0.9542985, 0.55085975, 0.5070773, 0.5070773, 0.5051898, 0.66867596, 0.14285715, 0.019157087, 0.9949975, 0.033783786, 0.96580374, 0.9620051, 1, 5:52:37.138339
3, erm_resnet_lr5e-6, mname_dset_te_center0_erm_b44271c83_not_commited_2024md_06md_23_19_17_35_seed_1_21551152, commit_b44271c83_not_commited, erm, 30, center0, 1, "{}", 0.97196263, 0.8914547, 0.7150372, 0.7150372, 0.77525723, 0.86928314, 0.80714285, 0.43461537, 0.99545914, 0.565, 0.97196263, 0.9627001, 28, 7:46:36.346510
3, erm_resnet_lr5e-6, mname_dset_te_center0_erm_b44271c83_not_commited_2024md_06md_24_03_10_38_seed_2_21551152, commit_b44271c83_not_commited, erm, 21, center0, 2, "{}", 0.95752525, 0.6141555, 0.523858, 0.523858, 0.5338013, 0.7004198, 0.26530612, 0.053719006, 0.993997, 0.08934707, 0.96730244, 0.962233, 1, 5:26:36.014524
