param_index,method,mname,commit,algo,epos,te_d,seed,params,acc,precision,recall,specificity,f1,auroc,binary_precision,binary_recall,binary_specificity,binary_f1_score,acc_oracle,acc_val,model_selection_epoch,experiment_duration
1,dann,mname_2024md_08md_02_13_10_34_seed_0,commit_b44271c83_not_commited,dann,1,center0,0,{'gamma_reg': 0.0006},0.9328859,0.5493675,0.54171336,0.54171336,0.54505235,0.80491334,0.1369863,0.11494253,0.9684842,0.125,,,,
1,dann,mname_2024md_08md_02_15_32_36_seed_1,commit_b44271c83_not_commited,dann,7,center0,1,{'gamma_reg': 0.0006},0.97115695,0.8547708,0.7422016,0.7422016,0.78678024,0.90664166,0.73142856,0.4923077,0.99209553,0.58850574,,,,
1,dann,mname_2024md_08md_02_20_51_20_seed_2,commit_b44271c83_not_commited,dann,1,center0,2,{'gamma_reg': 0.0006},0.9548004,0.4924599,0.49864772,0.49864772,0.49195805,0.55383205,0.023809524,0.004132231,0.9931632,0.007042253,,,,
0,erm,mname_2024md_08md_02_13_09_03_seed_0,commit_b44271c83_not_commited,erm,6,center0,0,{},0.93688077,0.6737068,0.8113185,0.8113185,0.7188277,0.9060723,0.3621399,0.6743295,0.9483075,0.4712182,,,,
0,erm,mname_2024md_08md_02_17_17_57_seed_1,commit_b44271c83_not_commited,erm,1,center0,1,{},0.93764096,0.6785119,0.82401615,0.82401615,0.7257498,0.9213958,0.3706721,0.7,0.9480323,0.4846871,,,,
0,erm,mname_2024md_08md_02_19_08_08_seed_2,commit_b44271c83_not_commited,erm,1,center0,2,{},0.9132874,0.62568104,0.8081713,0.8081713,0.6682452,0.8799558,0.26456693,0.6942149,0.9221277,0.3831243,,,,
2,dann,mname_2024md_08md_02_13_09_51_seed_0,commit_b44271c83_not_commited,dann,2,center0,0,{'gamma_reg': 9e-05},0.94630873,0.63168836,0.5945252,0.5945252,0.6093996,0.8400727,0.2972973,0.21072797,0.9783225,0.24663676,,,,
2,dann,mname_2024md_08md_02_16_18_24_seed_1,commit_b44271c83_not_commited,dann,3,center0,1,{'gamma_reg': 9e-05},0.9558492,0.734313,0.83719635,0.83719635,0.7749646,0.92724717,0.4816754,0.7076923,0.9667003,0.5732087,,,,
2,dann,mname_2024md_08md_02_19_59_43_seed_2,commit_b44271c83_not_commited,dann,3,center0,2,{'gamma_reg': 9e-05},0.95832664,0.6641606,0.54608506,0.54608506,0.56724006,0.79396755,0.36363637,0.09917355,0.9929965,0.15584417,,,,
