param_index,method,mname,commit,algo,epos,te_d,seed,params,acc,precision,recall,specificity,f1,auroc,binary_precision,binary_recall,binary_specificity,binary_f1_score,acc_oracle,acc_val,model_selection_epoch,experiment_duration
0,erm,mname_2024md_08md_02_13_09_03_seed_0,commit_b44271c83_not_commited,erm,6,center0,0,{},0.97770226,0.9780321,0.97771335,0.97771335,0.9776988,0.9968535,0.9908014,0.9643952,0.9910315,0.97742003,,,,
0,erm,mname_2024md_08md_02_17_17_57_seed_1,commit_b44271c83_not_commited,erm,1,center0,1,{},0.9486775,0.94993603,0.94869685,0.94869685,0.9486431,0.986922,0.9739156,0.922127,0.97526664,0.947314,,,,
0,erm,mname_2024md_08md_02_19_08_08_seed_2,commit_b44271c83_not_commited,erm,1,center0,2,{},0.94813395,0.94995344,0.9481394,0.9481394,0.9480819,0.9871085,0.97860885,0.91631514,0.97996366,0.9464381,,,,
1,dann,mname_2024md_08md_02_13_10_34_seed_0,commit_b44271c83_not_commited,dann,1,center0,0,{'gamma_reg': 0.0006},0.93929565,0.9420956,0.9393263,0.9393263,0.9392023,0.97722363,0.97747064,0.89941466,0.9792379,0.93681955,,,,
1,dann,mname_2024md_08md_02_15_32_36_seed_1,commit_b44271c83_not_commited,dann,7,center0,1,{'gamma_reg': 0.0006},0.972282,0.97301376,0.9722965,0.9722965,0.9722719,0.9956571,0.9918009,0.9524784,0.9921145,0.97174203,,,,
1,dann,mname_2024md_08md_02_20_51_20_seed_2,commit_b44271c83_not_commited,dann,1,center0,2,{'gamma_reg': 0.0006},0.91990256,0.92702115,0.91991365,0.91991365,0.9195688,0.9576733,0.9821984,0.85533494,0.9844924,0.91438735,,,,
2,dann,mname_2024md_08md_02_13_09_51_seed_0,commit_b44271c83_not_commited,dann,2,center0,0,{'gamma_reg': 9e-05},0.9553522,0.9572849,0.95537835,0.95537835,0.95530677,0.98621,0.98721486,0.92272586,0.98803085,0.9538816,,,,
2,dann,mname_2024md_08md_02_16_18_24_seed_1,commit_b44271c83_not_commited,dann,3,center0,1,{'gamma_reg': 9e-05},0.9613996,0.96239823,0.9614158,0.9614158,0.9613797,0.9926218,0.9840611,0.93804634,0.9847853,0.9605029,,,,
2,dann,mname_2024md_08md_02_19_59_43_seed_2,commit_b44271c83_not_commited,dann,3,center0,2,{'gamma_reg': 9e-05},0.9524218,0.95452225,0.9524276,0.9524276,0.9523672,0.9831913,0.9854635,0.91840726,0.986448,0.95075446,,,,
