param_index,method,mname,commit,algo,epos,te_d,seed,params,acc,precision,recall,specificity,f1,auroc,binary_precision,binary_recall,binary_specificity,binary_f1_score,acc_oracle,acc_val,model_selection_epoch,experiment_duration
1,dann,mname_2024md_08md_02_13_10_34_seed_0,commit_b44271c83_not_commited,dann,1,center0,0,{'gamma_reg': 0.0006},0.95274585,0.5440198,0.5225025,0.5225025,0.52824754,0.7514295,0.120743036,0.060653187,0.98435175,0.08074535,,,,
1,dann,mname_2024md_08md_02_15_32_36_seed_1,commit_b44271c83_not_commited,dann,7,center0,1,{'gamma_reg': 0.0006},0.96195304,0.7075328,0.6104747,0.6104747,0.64241594,0.86876416,0.4431818,0.23179792,0.9891515,0.30439022,,,,
1,dann,mname_2024md_08md_02_20_51_20_seed_2,commit_b44271c83_not_commited,dann,1,center0,2,{'gamma_reg': 0.0006},0.96494967,0.55470645,0.5072926,0.5072926,0.5072523,0.558347,0.14102565,0.018272426,0.9963128,0.03235294,,,,
2,dann,mname_2024md_08md_02_13_09_51_seed_0,commit_b44271c83_not_commited,dann,2,center0,0,{'gamma_reg': 9e-05},0.9571094,0.6154858,0.5622643,0.5622643,0.5794362,0.79766655,0.26099706,0.13841368,0.9861149,0.1808943,,,,
2,dann,mname_2024md_08md_02_16_18_24_seed_1,commit_b44271c83_not_commited,dann,3,center0,1,{'gamma_reg': 9e-05},0.95234793,0.68254536,0.7506925,0.7506925,0.71039486,0.88528967,0.3827292,0.53343236,0.9679526,0.4456859,,,,
2,dann,mname_2024md_08md_02_19_59_43_seed_2,commit_b44271c83_not_commited,dann,3,center0,2,{'gamma_reg': 9e-05},0.96590847,0.65004003,0.52866715,0.52866715,0.54313266,0.7447156,0.33035713,0.061461795,0.99587256,0.10364146,,,,
0,erm,mname_2024md_08md_02_13_09_03_seed_0,commit_b44271c83_not_commited,erm,6,center0,0,{},0.93736696,0.6290829,0.7320566,0.7320566,0.6628295,0.8839411,0.2760067,0.5116641,0.95244914,0.3585831,,,,
0,erm,mname_2024md_08md_02_17_17_57_seed_1,commit_b44271c83_not_commited,erm,1,center0,1,{},0.93479186,0.63914734,0.7659066,0.7659066,0.6784922,0.8769657,0.29438204,0.5839524,0.9478607,0.39143425,,,,
0,erm,mname_2024md_08md_02_19_08_08_seed_2,commit_b44271c83_not_commited,erm,1,center0,2,{},0.94055295,0.6281796,0.73399854,0.73399854,0.6626193,0.8519943,0.2729682,0.51328903,0.95470804,0.35640135,,,,
