param_index, method, mname, commit, algo, epos, te_d, seed, params, acc, precision, recall, specificity, f1, auroc, binary_precision, binary_recall, binary_specificity, binary_f1_score, acc_oracle, acc_val, model_selection_epoch, experiment_duration
1, dann, mname_2024md_08md_02_13_10_34_seed_0, commit_b44271c83_not_commited, dann, 4, center0, 0, "{'gamma_reg': 0.00060}", 0.9349191, 0.6176162, 0.7097878, 0.7097878, 0.6478309, 0.8551028, 0.25465313, 0.4681182, 0.9514574, 0.32986304, , , , 
1, dann, mname_2024md_08md_02_15_32_36_seed_1, commit_b44271c83_not_commited, dann, 10, center0, 1, "{'gamma_reg': 0.00060}", 0.95597655, 0.6650125, 0.63097894, 0.63097894, 0.6457364, 0.8772875, 0.35660377, 0.28083208, 0.98112583, 0.31421447, , , , 
1, dann, mname_2024md_08md_02_20_51_20_seed_2, commit_b44271c83_not_commited, dann, 4, center0, 2, "{'gamma_reg': 0.00060}", 0.96036863, 0.6272809, 0.5699731, 0.5699731, 0.588979, 0.7792609, 0.2822086, 0.15282393, 0.98712236, 0.19827588, , , , 
2, dann, mname_2024md_08md_02_13_09_51_seed_0, commit_b44271c83_not_commited, dann, 5, center0, 0, "{'gamma_reg': 0.00009}", 0.926192, 0.6110805, 0.7360219, 0.7360219, 0.64560956, 0.8608377, 0.2394958, 0.5318818, 0.940162, 0.3302752, , , , 
2, dann, mname_2024md_08md_02_16_18_24_seed_1, commit_b44271c83_not_commited, dann, 6, center0, 1, "{'gamma_reg': 0.00009}", 0.94573104, 0.6678569, 0.7801631, 0.7801631, 0.70741236, 0.8872273, 0.3509532, 0.60178304, 0.9585432, 0.44334972, , , , 
2, dann, mname_2024md_08md_02_19_59_43_seed_2, commit_b44271c83_not_commited, dann, 6, center0, 2, "{'gamma_reg': 0.00009}", 0.9643637, 0.6920811, 0.61861366, 0.61861366, 0.64565367, 0.847404, 0.40871936, 0.24916944, 0.9880579, 0.30959755, , , , 
0, erm, mname_2024md_08md_02_13_09_03_seed_0, commit_b44271c83_not_commited, erm, 9, center0, 0, "{}", 0.92480844, 0.61222345, 0.74730647, 0.74730647, 0.64822733, 0.8801856, 0.24091521, 0.55676514, 0.9378478, 0.33630812, , , , 
0, erm, mname_2024md_08md_02_17_17_57_seed_1, commit_b44271c83_not_commited, erm, 4, center0, 1, "{}", 0.9090715, 0.6202029, 0.8398299, 0.8398299, 0.6638479, 0.89805067, 0.2498787, 0.7652303, 0.9144296, 0.37673736, , , , 
0, erm, mname_2024md_08md_02_19_08_08_seed_2, commit_b44271c83_not_commited, erm, 4, center0, 2, "{}", 0.9365578, 0.63235766, 0.78011775, 0.78011775, 0.6745713, 0.88943, 0.27807084, 0.6129568, 0.9472786, 0.38258162, , , , 
