param_index, method, mname, commit, algo, epos, te_d, seed, params, acc, precision, recall, specificity, f1, auroc, binary_precision, binary_recall, binary_specificity, binary_f1_score, acc_oracle, acc_val, model_selection_epoch, experiment_duration
0, erm, mname_2024md_08md_02_13_09_03_seed_0, commit_b44271c83_not_commited, erm, 9, center0, 0, "{}", 0.9830718, 0.98313487, 0.9830766, 0.9830766, 0.9830714, 0.9978633, 0.9888591, 0.97718006, 0.988973, 0.9829849, , , , 
0, erm, mname_2024md_08md_02_17_17_57_seed_1, commit_b44271c83_not_commited, erm, 4, center0, 1, "{}", 0.9701472, 0.97016793, 0.9701498, 0.9701498, 0.97014695, 0.9954449, 0.9734875, 0.96666664, 0.973633, 0.9700651, , , , 
0, erm, mname_2024md_08md_02_19_08_08_seed_2, commit_b44271c83_not_commited, erm, 4, center0, 2, "{}", 0.972146, 0.9725146, 0.97214985, 0.97214985, 0.97214067, 0.99589515, 0.98578084, 0.95812756, 0.98617214, 0.9717575, , , , 
1, dann, mname_2024md_08md_02_13_10_34_seed_0, commit_b44271c83_not_commited, dann, 4, center0, 0, "{'gamma_reg': 0.00060}", 0.9686192, 0.9693901, 0.9686371, 0.9686371, 0.9686072, 0.99252295, 0.988631, 0.9481972, 0.989077, 0.96799207, , , , 
1, dann, mname_2024md_08md_02_15_32_36_seed_1, commit_b44271c83_not_commited, dann, 10, center0, 1, "{'gamma_reg': 0.00060}", 0.97990143, 0.9800304, 0.9799072, 0.9799072, 0.97990024, 0.99717903, 0.9880759, 0.9715554, 0.988259, 0.979746, , , , 
1, dann, mname_2024md_08md_02_20_51_20_seed_2, commit_b44271c83_not_commited, dann, 4, center0, 2, "{'gamma_reg': 0.00060}", 0.96134055, 0.96229017, 0.96134526, 0.96134526, 0.961321, 0.9879029, 0.98329383, 0.93864465, 0.98404586, 0.96045065, , , , 
2, dann, mname_2024md_08md_02_13_09_51_seed_0, commit_b44271c83_not_commited, dann, 5, center0, 0, "{'gamma_reg': 0.00009}", 0.9705718, 0.97079474, 0.9705799, 0.9705799, 0.9705687, 0.9938811, 0.9812235, 0.9595485, 0.9816114, 0.9702649, , , , 
2, dann, mname_2024md_08md_02_16_18_24_seed_1, commit_b44271c83_not_commited, dann, 6, center0, 1, "{'gamma_reg': 0.00009}", 0.9701472, 0.9705355, 0.9701583, 0.9701583, 0.97014153, 0.99508417, 0.9842455, 0.9556365, 0.98468006, 0.96973, , , , 
2, dann, mname_2024md_08md_02_19_59_43_seed_2, commit_b44271c83_not_commited, dann, 6, center0, 2, "{'gamma_reg': 0.00009}", 0.96820116, 0.9686259, 0.9682037, 0.9682037, 0.9681941, 0.99190646, 0.98277754, 0.9531159, 0.98329157, 0.9677195, , , , 
