param_index, method, mname, commit, algo, epos, te_d, seed, params, acc, precision, recall, specificity, f1, auroc, binary_precision, binary_recall, binary_specificity, binary_f1_score, acc_oracle, acc_val, model_selection_epoch, experiment_duration
1, dann, mname_2024md_08md_02_13_10_34_seed_0, commit_b44271c83_not_commited, dann, 4, center0, 0, "{'gamma_reg': 0.00060}", 0.90715885, 0.62765574, 0.8141341, 0.8141341, 0.6700499, 0.877288, 0.26878613, 0.7126437, 0.9156245, 0.39034626, , , , 
1, dann, mname_2024md_08md_02_15_32_36_seed_1, commit_b44271c83_not_commited, dann, 10, center0, 1, "{'gamma_reg': 0.00060}", 0.97147924, 0.8305174, 0.79753935, 0.79753935, 0.8130617, 0.9245485, 0.6781116, 0.6076923, 0.98738647, 0.6409736, , , , 
1, dann, mname_2024md_08md_02_20_51_20_seed_2, commit_b44271c83_not_commited, dann, 4, center0, 2, "{'gamma_reg': 0.00060}", 0.9501523, 0.6447222, 0.6151943, 0.6151943, 0.62796766, 0.82951325, 0.31937173, 0.2520661, 0.9783225, 0.28175518, , , , 
0, erm, mname_2024md_08md_02_13_09_03_seed_0, commit_b44271c83_not_commited, erm, 9, center0, 0, "{}", 0.92186004, 0.64550185, 0.8089782, 0.8089782, 0.69038117, 0.90716046, 0.30546075, 0.68582374, 0.9321327, 0.42266825, , , , 
0, erm, mname_2024md_08md_02_17_17_57_seed_1, commit_b44271c83_not_commited, erm, 4, center0, 1, "{}", 0.8677087, 0.6067946, 0.8610805, 0.8610805, 0.63866806, 0.93477255, 0.22089553, 0.85384613, 0.86831486, 0.35098818, , , , 
0, erm, mname_2024md_08md_02_19_08_08_seed_2, commit_b44271c83_not_commited, erm, 4, center0, 2, "{}", 0.91376823, 0.635031, 0.8480762, 0.8480762, 0.6824274, 0.91938734, 0.2797619, 0.7768595, 0.919293, 0.41137856, , , , 
2, dann, mname_2024md_08md_02_13_09_51_seed_0, commit_b44271c83_not_commited, dann, 5, center0, 0, "{'gamma_reg': 0.00009}", 0.91802496, 0.6411434, 0.81430656, 0.81430656, 0.68614936, 0.8839114, 0.2961165, 0.7011494, 0.9274637, 0.41638222, , , , 
2, dann, mname_2024md_08md_02_16_18_24_seed_1, commit_b44271c83_not_commited, dann, 6, center0, 1, "{'gamma_reg': 0.00009}", 0.9479536, 0.7083737, 0.8441098, 0.8441098, 0.7564775, 0.9312259, 0.4288939, 0.7307692, 0.9574504, 0.5405405, , , , 
2, dann, mname_2024md_08md_02_19_59_43_seed_2, commit_b44271c83_not_commited, dann, 6, center0, 2, "{'gamma_reg': 0.00009}", 0.9552813, 0.7026125, 0.71303385, 0.71303385, 0.7076725, 0.8684763, 0.42745098, 0.45041323, 0.9756545, 0.43863177, , , , 
