param_index, method, mname, commit, algo, epos, te_d, seed, params, acc, precision, recall, specificity, f1, auroc, binary_precision, binary_recall, binary_specificity, binary_f1_score, acc_oracle, acc_val, model_selection_epoch, experiment_duration
0, erm_dinov2, mname_dset_te_center0_erm_b44271c83_not_commited_2024md_07md_12_13_43_59_seed_0_21918847, commit_b44271c83_not_commited, erm, 8, center0, 0, "{}", 0.67628866, 0.77521515, 0.63772607, 0.63772607, 0.6099629, 0.8829802, 0.6361446, 0.9777778, 0.29767442, 0.7708029, 0.6783505, 0.64363354, 3, 2:00:03.614593
0, erm_dinov2, mname_dset_te_center0_erm_b44271c83_not_commited_2024md_07md_12_15_57_29_seed_1_21918847, commit_b44271c83_not_commited, erm, 13, center0, 1, "{}", 0.7196653, 0.7893389, 0.70443565, 0.70443565, 0.6916841, 0.9270444, 0.6612466, 0.9644269, 0.44444445, 0.78456587, 0.7196653, 0.66432476, 8, 3:13:03.293656
0, erm_dinov2, mname_dset_te_center0_erm_b44271c83_not_commited_2024md_07md_12_19_24_29_seed_2_21918847, commit_b44271c83_not_commited, erm, 13, center0, 2, "{}", 0.68, 0.7631881, 0.651607, 0.651607, 0.62840205, 0.8987559, 0.6361323, 0.96525097, 0.33796296, 0.7668712, 0.68, 0.672144, 8, 3:23:59.518634
