param_index, method, mname, commit, algo, epos, te_d, seed, params, acc, precision, recall, specificity, f1, auroc, binary_precision, binary_recall, binary_specificity, binary_f1_score, acc_oracle, acc_val, model_selection_epoch, experiment_duration
1, irm_dinov2_config1, mname_dset_te_center0_erm_b44271c83_not_commited_2024md_07md_12_14_39_46_seed_0_21918848, commit_b44271c83_not_commited, erm, 30, center0, 0, "{'gamma_reg': 1e-05}", 0.7072165, 0.7778692, 0.67450476, 0.67450476, 0.6622298, 0.86754525, 0.6632653, 0.962963, 0.3860465, 0.7854985, 0.70927835, 0.6863354, 29, 3:06:04.184940
1, irm_dinov2_config1, mname_dset_te_center0_erm_b44271c83_not_commited_2024md_07md_12_17_54_58_seed_1_21918848, commit_b44271c83_not_commited, erm, 30, center0, 1, "{'gamma_reg': 1e-05}", 0.751046, 0.7951449, 0.7389987, 0.7389987, 0.73459685, 0.89830476, 0.6947674, 0.94466406, 0.53333336, 0.80067, 0.751046, 0.7283372, 28, 3:06:22.185483
1, irm_dinov2_config1, mname_dset_te_center0_erm_b44271c83_not_commited_2024md_07md_12_21_10_37_seed_2_21918848, commit_b44271c83_not_commited, erm, 30, center0, 2, "{'gamma_reg': 1e-05}", 0.6631579, 0.75585884, 0.63270414, 0.63270414, 0.6013763, 0.79300725, 0.6228288, 0.969112, 0.2962963, 0.7583082, 0.6631579, 0.6674491, 30, 3:07:37.962500
