param_index, method, mname, commit, algo, epos, te_d, seed, params, acc, precision, recall, specificity, f1, auroc, binary_precision, binary_recall, binary_specificity, binary_f1_score, acc_oracle, acc_val, model_selection_epoch, experiment_duration
2, irm_dinov2_config2, mname_dset_te_center0_erm_b44271c83_not_commited_2024md_07md_12_07_10_53_seed_0_21918843, commit_b44271c83_not_commited, erm, 30, center0, 0, "{'gamma_reg': 0.0001}", 0.70515466, 0.7888763, 0.67075795, 0.67075795, 0.65558255, 0.86332476, 0.65914786, 0.97407407, 0.36744186, 0.78624815, 0.70515466, 0.67391306, 27, 4:50:56.916085
2, irm_dinov2_config2, mname_dset_te_center0_erm_b44271c83_not_commited_2024md_07md_12_12_15_23_seed_1_21918843, commit_b44271c83_not_commited, erm, 30, center0, 1, "{'gamma_reg': 0.0001}", 0.7343096, 0.7982235, 0.7199912, 0.7199912, 0.710531, 0.89231443, 0.67403316, 0.9644269, 0.47555557, 0.79349595, 0.74058574, 0.71662766, 24, 4:52:11.834197
2, irm_dinov2_config2, mname_dset_te_center0_erm_b44271c83_not_commited_2024md_07md_12_17_21_28_seed_2_21918843, commit_b44271c83_not_commited, erm, 30, center0, 2, "{'gamma_reg': 0.0001}", 0.66105264, 0.74930143, 0.63077366, 0.63077366, 0.5996681, 0.7917918, 0.62189054, 0.96525097, 0.2962963, 0.7564297, 0.66105264, 0.6666667, 30, 4:52:38.514293
