param_index, method, mname, commit, algo, epos, te_d, seed, params, acc, precision, recall, specificity, f1, auroc, binary_precision, binary_recall, binary_specificity, binary_f1_score, acc_oracle, acc_val, model_selection_epoch, experiment_duration
3, irm_dinov2_config3, mname_dset_te_center0_erm_b44271c83_not_commited_2024md_07md_12_14_47_25_seed_0_21918849, commit_b44271c83_not_commited, erm, 30, center0, 0, "{'gamma_reg': 0.001}", 0.69896907, 0.7849457, 0.6637812, 0.6637812, 0.6464026, 0.8641516, 0.65422887, 0.97407407, 0.3534884, 0.7827381, 0.69896907, 0.66770184, 26, 4:43:22.325616
3, irm_dinov2_config3, mname_dset_te_center0_erm_b44271c83_not_commited_2024md_07md_12_19_44_11_seed_1_21918849, commit_b44271c83_not_commited, erm, 30, center0, 1, "{'gamma_reg': 0.001}", 0.7426778, 0.8003085, 0.72912604, 0.72912604, 0.7217814, 0.8675802, 0.6825843, 0.9604743, 0.4977778, 0.7980296, 0.7447699, 0.7189696, 15, 4:45:02.603189
3, irm_dinov2_config3, mname_dset_te_center0_erm_b44271c83_not_commited_2024md_07md_13_00_43_09_seed_2_21918849, commit_b44271c83_not_commited, erm, 30, center0, 2, "{'gamma_reg': 0.001}", 0.6631579, 0.7509099, 0.63308847, 0.63308847, 0.6029258, 0.7857858, 0.6234414, 0.96525097, 0.30092594, 0.75757575, 0.6631579, 0.6690141, 29, 4:50:25.184168
