param_index, method, mname, commit, algo, epos, te_d, seed, params, acc, precision, recall, specificity, f1, auroc, binary_precision, binary_recall, binary_specificity, binary_f1_score, acc_oracle, acc_val, model_selection_epoch, experiment_duration
4, irm_dinov2_config4, mname_dset_te_center0_erm_b44271c83_not_commited_2024md_07md_12_07_41_37_seed_0_21918844, commit_b44271c83_not_commited, erm, 30, center0, 0, "{'gamma_reg': 0.1}", 0.69896907, 0.78044116, 0.66425496, 0.66425496, 0.64771146, 0.85440135, 0.655, 0.97037035, 0.35813954, 0.7820896, 0.70309275, 0.6746894, 24, 4:38:02.843468
4, irm_dinov2_config4, mname_dset_te_center0_erm_b44271c83_not_commited_2024md_07md_12_12_33_05_seed_1_21918844, commit_b44271c83_not_commited, erm, 30, center0, 1, "{'gamma_reg': 0.1}", 0.7426778, 0.8003085, 0.72912604, 0.72912604, 0.7217814, 0.88809836, 0.6825843, 0.9604743, 0.4977778, 0.7980296, 0.7447699, 0.724434, 23, 4:44:32.298388
4, irm_dinov2_config4, mname_dset_te_center0_erm_b44271c83_not_commited_2024md_07md_12_17_31_06_seed_2_21918844, commit_b44271c83_not_commited, erm, 30, center0, 2, "{'gamma_reg': 0.1}", 0.6631579, 0.7509099, 0.63308847, 0.63308847, 0.6029258, 0.79409766, 0.6234414, 0.96525097, 0.30092594, 0.75757575, 0.6631579, 0.6713615, 30, 4:43:22.775758
