param_index, method, mname, commit, algo, epos, te_d, seed, params, acc, precision, recall, specificity, f1, auroc, binary_precision, binary_recall, binary_specificity, binary_f1_score, acc_oracle, acc_val, model_selection_epoch, experiment_duration
5, irm_dinov2_config5, mname_dset_te_center0_erm_b44271c83_not_commited_2024md_07md_12_04_38_01_seed_0_21898478, commit_b44271c83_not_commited, erm, 30, center0, 0, "{'gamma_reg': 1.0}", 0.70515466, 0.7803798, 0.6717054, 0.6717054, 0.65805495, 0.86651164, 0.6607595, 0.96666664, 0.37674418, 0.7849624, 0.70927835, 0.68167704, 28, 4:34:37.196015
5, irm_dinov2_config5, mname_dset_te_center0_erm_b44271c83_not_commited_2024md_07md_12_09_25_31_seed_1_21898478, commit_b44271c83_not_commited, erm, 30, center0, 1, "{'gamma_reg': 1.0}", 0.73849374, 0.8007533, 0.7244357, 0.7244357, 0.71582663, 0.89306986, 0.67777777, 0.9644269, 0.48444444, 0.7960848, 0.73849374, 0.71975017, 26, 4:37:59.259150
5, irm_dinov2_config5, mname_dset_te_center0_erm_b44271c83_not_commited_2024md_07md_12_14_17_38_seed_2_21898478, commit_b44271c83_not_commited, erm, 30, center0, 2, "{'gamma_reg': 1.0}", 0.66105264, 0.74930143, 0.63077366, 0.63077366, 0.5996681, 0.7880738, 0.62189054, 0.96525097, 0.2962963, 0.7564297, 0.66105264, 0.6658842, 30, 4:42:50.728324
