param_index, method, mname, commit, algo, epos, te_d, seed, params, acc, precision, recall, specificity, f1, auroc, acc_oracle, acc_val
0, erm, mname_dset_te_center0_erm_b99b8035b_not_commited_2024md_05md_13_12_44_50_seed_0_20566949, commit_b99b8035b_not_commited, erm, 20, center0, 0, "{}", 0.9582934, 0.4791467, 0.5, 0.5, 0.48935127, 0.86371475, 0.96628314, 0.9710515
0, erm, mname_dset_te_center1_erm_b99b8035b_not_commited_2024md_05md_13_17_16_13_seed_0_20566949, commit_b99b8035b_not_commited, erm, 20, center1, 0, "{}", 0.9875, 0.55976206, 0.6423586, 0.6423586, 0.5834313, 0.8878355, 0.99554974, 0.9580237
0, erm, mname_dset_te_center2_erm_b99b8035b_not_commited_2024md_05md_13_21_12_55_seed_0_20566949, commit_b99b8035b_not_commited, erm, 20, center2, 0, "{}", 0.9575231, 0.66230786, 0.5418357, 0.5418357, 0.56133264, 0.78515935, 0.96166044, 0.9692451
0, erm, mname_dset_te_center3_erm_b99b8035b_not_commited_2024md_05md_14_01_30_41_seed_0_20566949, commit_b99b8035b_not_commited, erm, 20, center3, 0, "{}", 0.9646985, 0.69054425, 0.64404434, 0.64404434, 0.6636875, 0.92959565, 0.9695368, 0.9688833
0, erm, mname_dset_te_center4_erm_b99b8035b_not_commited_2024md_05md_14_05_34_13_seed_0_20566949, commit_b99b8035b_not_commited, erm, 20, center4, 0, "{}", 0.92050624, 0.6989956, 0.60463953, 0.60463953, 0.6329601, 0.8731227, 0.9275262, 0.97894555
0, erm, mname_dset_te_center0_erm_b99b8035b_not_commited_2024md_05md_14_09_42_32_seed_1_20566949, commit_b99b8035b_not_commited, erm, 20, center0, 1, "{}", 0.9579439, 0.47904915, 0.4999159, 0.4999159, 0.48926014, 0.8922752, 0.95955527, 0.9727321
0, erm, mname_dset_te_center1_erm_b99b8035b_not_commited_2024md_05md_14_14_16_07_seed_1_20566949, commit_b99b8035b_not_commited, erm, 20, center1, 1, "{}", 0.99340945, 0.62521505, 0.6127452, 0.6127452, 0.61864597, 0.8681638, 0.9955628, 0.9590842
0, erm, mname_dset_te_center2_erm_b99b8035b_not_commited_2024md_05md_14_21_22_32_seed_1_20566949, commit_b99b8035b_not_commited, erm, 20, center2, 1, "{}", 0.96262836, 0.711312, 0.51937115, 0.51937115, 0.5277527, 0.8107517, 0.9653662, 0.96949893
