param_index, method, mname, commit, algo, epos, te_d, seed, params, acc, precision, recall, specificity, f1, auroc, acc_oracle, acc_val
28, dial, mname_dset_te_center0_erm_b99b8035b_not_commited_2024md_05md_12_18_04_22_seed_0_20566942, commit_b99b8035b_not_commited, erm, 20, center0, 0, "{'dial_steps_perturb': 5, 'dial_noise_scale': 0.006173405204074309, 'dial_epsilon': 0.0011487498604318609}", 0.9582934, 0.7292199, 0.5018323, 0.5018323, 0.49315178, 0.8299979, 0.96292746, 0.97232866
28, dial, mname_dset_te_center1_erm_b99b8035b_not_commited_2024md_05md_13_07_51_35_seed_0_20566942, commit_b99b8035b_not_commited, erm, 15, center1, 0, "{'dial_steps_perturb': 5, 'dial_noise_scale': 0.006173405204074309, 'dial_epsilon': 0.0011487498604318609}", 0.9641361, 0.5129117, 0.59402406, 0.59402406, 0.51681274, 0.825642, 0.9956152, 0.95460933
28, dial, mname_dset_te_center2_erm_b99b8035b_not_commited_2024md_05md_13_16_23_20_seed_0_20566942, commit_b99b8035b_not_commited, erm, 20, center2, 0, "{'dial_steps_perturb': 5, 'dial_noise_scale': 0.006173405204074309, 'dial_epsilon': 0.0011487498604318609}", 0.95848846, 0.480105, 0.4990665, 0.4990665, 0.48940215, 0.8216831, 0.96041924, 0.9715394
