param_index, method, mname, commit, algo, epos, te_d, seed, params, acc, precision, recall, specificity, f1, auroc, acc_oracle, acc_val
34, dial, mname_dset_te_center0_erm_b99b8035b_not_commited_2024md_05md_11_12_45_16_seed_0_20566934, commit_b99b8035b_not_commited, erm, 20, center0, 0, "{'dial_steps_perturb': 3, 'dial_noise_scale': 4.3239268142800495e-05, 'dial_epsilon': 0.0012893628152558}", 0.957814, 0.4791367, 0.49974987, 0.49974987, 0.48922622, 0.8616952, 0.96724194, 0.969934
34, dial, mname_dset_te_center1_erm_b99b8035b_not_commited_2024md_05md_12_01_07_51_seed_0_20566934, commit_b99b8035b_not_commited, erm, 20, center1, 0, "{'dial_steps_perturb': 3, 'dial_noise_scale': 4.3239268142800495e-05, 'dial_epsilon': 0.0012893628152558}", 0.9784686, 0.51753426, 0.57194203, 0.57194203, 0.5258936, 0.79682714, 0.9960733, 0.96063465
34, dial, mname_dset_te_center2_erm_b99b8035b_not_commited_2024md_05md_12_11_18_15_seed_0_20566934, commit_b99b8035b_not_commited, erm, 20, center2, 0, "{'dial_steps_perturb': 3, 'dial_noise_scale': 4.3239268142800495e-05, 'dial_epsilon': 0.0012893628152558}", 0.9583506, 0.5552932, 0.5039876, 0.5039876, 0.49910197, 0.8452687, 0.9602813, 0.9733967
34, dial, mname_dset_te_center3_erm_b99b8035b_not_commited_2024md_05md_12_23_39_16_seed_0_20566934, commit_b99b8035b_not_commited, erm, 13, center3, 0, "{'dial_steps_perturb': 3, 'dial_noise_scale': 4.3239268142800495e-05, 'dial_epsilon': 0.0012893628152558}", 0.9682824, 0.71755296, 0.5825664, 0.5825664, 0.61689925, 0.88453496, 0.9691784, 0.9681624
