param_index, method, mname, commit, algo, epos, te_d, seed, params, acc, precision, recall, specificity, f1, auroc, acc_oracle, acc_val
36, dial, mname_dset_te_center0_erm_b99b8035b_not_commited_2024md_05md_12_18_40_23_seed_0_20566944, commit_b99b8035b_not_commited, erm, 16, center0, 0, "{'dial_steps_perturb': 4, 'dial_noise_scale': 0.019229718174853676, 'dial_epsilon': 0.0012505506197842526}", 0.959412, 0.88892126, 0.51707464, 0.51707464, 0.5227158, 0.8679373, 0.9750719, 0.968444
36, dial, mname_dset_te_center1_erm_b99b8035b_not_commited_2024md_05md_13_06_26_55_seed_0_20566944, commit_b99b8035b_not_commited, erm, 20, center1, 0, "{'dial_steps_perturb': 4, 'dial_noise_scale': 0.019229718174853676, 'dial_epsilon': 0.0012505506197842526}", 0.9939136, 0.60920763, 0.572379, 0.572379, 0.58696836, 0.8353126, 0.99554974, 0.9605008
36, dial, mname_dset_te_center2_erm_b99b8035b_not_commited_2024md_05md_13_18_26_36_seed_0_20566944, commit_b99b8035b_not_commited, erm, 20, center2, 0, "{'dial_steps_perturb': 4, 'dial_noise_scale': 0.019229718174853676, 'dial_epsilon': 0.0012505506197842526}", 0.9498, 0.56742626, 0.52782863, 0.52782863, 0.53659534, 0.7626946, 0.96372914, 0.96979135
