param_index, method, mname, commit, algo, epos, te_d, seed, params, acc, precision, recall, specificity, f1, auroc, binary_precision, binary_recall, binary_specificity, binary_f1_score, acc_oracle, acc_val, model_selection_epoch, experiment_duration
3, dann_dinov2, mname_dset_te_center0_dann_b8efecac6_not_commited_2024md_07md_27_13_51_29_seed_0_23099037, commit_b8efecac6_not_commited, dann, 6, center0, 0, "{'gamma_reg': 9.99999999999994e-05}", 0.7813954, 0.7814197, 0.7813953, 0.7813953, 0.78139055, 0.8178258, 0.77880186, 0.7860465, 0.7767442, 0.78240734, 0.7813954, 0.7251553, 1, 0:11:52.587354
3, dann_dinov2, mname_dset_te_center0_dann_b8efecac6_not_commited_2024md_07md_27_14_03_53_seed_1_23099037, commit_b8efecac6_not_commited, dann, 6, center0, 1, "{'gamma_reg': 9.99999999999994e-05}", 0.7977778, 0.79910713, 0.7977778, 0.7977778, 0.7975529, 0.85761976, 0.77916664, 0.83111113, 0.7644445, 0.8043011, 0.7977778, 0.8017174, 1, 0:11:52.307354
3, dann_dinov2, mname_dset_te_center0_dann_b8efecac6_not_commited_2024md_07md_27_14_16_16_seed_2_23099037, commit_b8efecac6_not_commited, dann, 8, center0, 2, "{'gamma_reg': 9.99999999999994e-05}", 0.7152778, 0.75930035, 0.7152778, 0.7152778, 0.7026575, 0.7176355, 0.86614174, 0.5092593, 0.9212963, 0.64139944, 0.7685185, 0.6744914, 3, 0:15:39.037640
