param_index, method, mname, commit, algo, epos, te_d, seed, params, acc, precision, recall, specificity, f1, auroc, binary_precision, binary_recall, binary_specificity, binary_f1_score, acc_oracle, acc_val, model_selection_epoch, experiment_duration
0, erm_dinov2, mname_dset_te_center0_erm_b44271c83_not_commited_2024md_06md_29_18_17_29_seed_0_21628980, commit_b44271c83_not_commited, erm, 30, center0, 0, "{}", 0.9579738, 0.6794334, 0.5071626, 0.5071626, 0.50402105, 0.9484131, 0.4, 0.01532567, 0.9989995, 0.029520296, 0.97219557, 0.9765858, 27, 11:53:04.306120
0, erm_dinov2, mname_dset_te_center0_erm_b44271c83_not_commited_2024md_06md_30_06_17_39_seed_1_21628980, commit_b44271c83_not_commited, erm, 28, center0, 1, "{}", 0.9587496, 0.89610213, 0.50953126, 0.50953126, 0.5082585, 0.94937044, 0.8333333, 0.01923077, 0.9998318, 0.037593987, 0.9766355, 0.97742796, 8, 11:01:26.701255
0, erm_dinov2, mname_dset_te_center0_erm_b44271c83_not_commited_2024md_06md_30_17_26_55_seed_2_21628980, commit_b44271c83_not_commited, erm, 30, center0, 2, "{}", 0.9639365, 0.8896997, 0.5450377, 0.5450377, 0.57256985, 0.91948795, 0.8148148, 0.09090909, 0.99916625, 0.16356876, 0.9713095, 0.97895914, 13, 11:57:15.673419
