param_index, method, mname, commit, algo, epos, te_d, seed, params, acc, precision, recall, specificity, f1, auroc, binary_precision, binary_recall, binary_specificity, binary_f1_score, acc_oracle, acc_val, model_selection_epoch, experiment_duration
1, irm_dinov2_config1, mname_dset_te_center0_erm_b44271c83_not_commited_2024md_06md_29_18_17_34_seed_0_21628981, commit_b44271c83_not_commited, erm, 30, center0, 0, "{'gamma_reg': 1e-05}", 0.9574944, 0.7155653, 0.5655471, 0.5655471, 0.5955875, 0.9454328, 0.46753246, 0.13793103, 0.9931632, 0.21301775, 0.96740174, 0.97961897, 25, 11:31:55.141569
1, irm_dinov2_config1, mname_dset_te_center0_erm_b44271c83_not_commited_2024md_06md_30_05_57_28_seed_1_21628981, commit_b44271c83_not_commited, erm, 30, center0, 1, "{'gamma_reg': 1e-05}", 0.95939416, 0.8018429, 0.5337745, 0.5337745, 0.55210733, 0.9503333, 0.64285713, 0.06923077, 0.9983182, 0.125, 0.9756687, 0.97769475, 27, 11:28:39.485480
1, irm_dinov2_config1, mname_dset_te_center0_erm_b44271c83_not_commited_2024md_06md_30_17_34_22_seed_2_21628981, commit_b44271c83_not_commited, erm, 30, center0, 2, "{'gamma_reg': 1e-05}", 0.95656353, 0.620321, 0.5332715, 0.5332715, 0.54749894, 0.8854186, 0.2769231, 0.07438017, 0.99216276, 0.11726385, 0.9721109, 0.97853297, 26, 11:34:12.064000
