param_index, method, mname, commit, algo, epos, te_d, seed, params, acc, precision, recall, specificity, f1, auroc, binary_precision, binary_recall, binary_specificity, binary_f1_score, acc_oracle, acc_val, model_selection_epoch, experiment_duration
2, irm_dinov2_config2, mname_dset_te_center0_erm_b44271c83_not_commited_2024md_06md_29_17_44_37_seed_0_21628976, commit_b44271c83_not_commited, erm, 30, center0, 0, "{'gamma_reg': 0.0001}", 0.9581336, 0.7287141, 0.5695453, 0.5695453, 0.6016689, 0.9233947, 0.4935065, 0.14559387, 0.9934968, 0.22485207, 0.9694791, 0.97722435, 13, 11:12:44.724721
2, irm_dinov2_config2, mname_dset_te_center0_erm_b44271c83_not_commited_2024md_06md_30_05_04_52_seed_1_21628976, commit_b44271c83_not_commited, erm, 30, center0, 1, "{'gamma_reg': 0.0001}", 0.959233, 0.7716323, 0.54656327, 0.54656327, 0.5720615, 0.95950866, 0.5813953, 0.09615385, 0.99697274, 0.1650165, 0.9668063, 0.9788687, 24, 11:12:37.501086
2, irm_dinov2_config2, mname_dset_te_center0_erm_b44271c83_not_commited_2024md_06md_30_16_25_07_seed_2_21628976, commit_b44271c83_not_commited, erm, 30, center0, 2, "{'gamma_reg': 0.0001}", 0.95992947, 0.58794606, 0.5052812, 0.5052812, 0.5014913, 0.9260212, 0.21428572, 0.012396694, 0.9981657, 0.0234375, 0.97146976, 0.9793853, 30, 11:31:29.371563
