param_index, method, mname, commit, algo, epos, te_d, seed, params, acc, precision, recall, specificity, f1, auroc, binary_precision, binary_recall, binary_specificity, binary_f1_score, acc_oracle, acc_val, model_selection_epoch, experiment_duration
3, irm_dinov2_config3, mname_dset_te_center0_erm_b44271c83_not_commited_2024md_06md_29_18_17_30_seed_0_21628982, commit_b44271c83_not_commited, erm, 30, center0, 0, "{'gamma_reg': 0.001}", 0.9581336, 0.7263467, 0.5475573, 0.5475573, 0.5720666, 0.94069207, 0.49056605, 0.099616855, 0.99549776, 0.16560508, 0.9678811, 0.9791933, 19, 11:28:43.801677
3, irm_dinov2_config3, mname_dset_te_center0_erm_b44271c83_not_commited_2024md_06md_30_05_53_28_seed_1_21628982, commit_b44271c83_not_commited, erm, 30, center0, 1, "{'gamma_reg': 0.001}", 0.9590719, 0.7773577, 0.5354453, 0.5354453, 0.5545899, 0.91366076, 0.59375, 0.073076926, 0.99781364, 0.130137, 0.9648727, 0.9803095, 26, 11:26:29.155892
3, irm_dinov2_config3, mname_dset_te_center0_erm_b44271c83_not_commited_2024md_06md_30_17_27_32_seed_2_21628982, commit_b44271c83_not_commited, erm, 30, center0, 2, "{'gamma_reg': 0.001}", 0.9658599, 0.83654845, 0.6015549, 0.6015549, 0.6509898, 0.92044926, 0.70422536, 0.20661157, 0.9964982, 0.31948882, 0.9753166, 0.9808768, 29, 11:32:39.565626
