param_index, method, mname, commit, algo, epos, te_d, seed, params, acc, precision, recall, specificity, f1, auroc, binary_precision, binary_recall, binary_specificity, binary_f1_score, acc_oracle, acc_val, model_selection_epoch, experiment_duration
4, irm_dinov2_config4, mname_dset_te_center0_erm_b44271c83_not_commited_2024md_06md_29_17_44_37_seed_0_21628977, commit_b44271c83_not_commited, erm, 30, center0, 0, "{'gamma_reg': 0.1}", 0.96212846, 0.8815857, 0.5606357, 0.5606357, 0.5966111, 0.96267104, 0.8, 0.12260536, 0.998666, 0.21262458, 0.9685203, 0.9792465, 12, 11:13:19.212965
4, irm_dinov2_config4, mname_dset_te_center0_erm_b44271c83_not_commited_2024md_06md_30_05_04_58_seed_1_21628977, commit_b44271c83_not_commited, erm, 30, center0, 1, "{'gamma_reg': 0.1}", 0.9611666, 0.8326355, 0.5622843, 0.5622843, 0.5975373, 0.9430721, 0.70212764, 0.12692308, 0.9976455, 0.21498373, 0.9663229, 0.9776414, 18, 11:13:06.798547
4, irm_dinov2_config4, mname_dset_te_center0_erm_b44271c83_not_commited_2024md_06md_30_16_25_12_seed_2_21628977, commit_b44271c83_not_commited, erm, 30, center0, 2, "{'gamma_reg': 0.1}", 0.95944864, 0.6873557, 0.5486514, 0.5486514, 0.5721181, 0.90351754, 0.40983605, 0.10330579, 0.993997, 0.16501649, 0.9716301, 0.98029083, 26, 11:31:25.850805
