param_index, method, mname, commit, algo, epos, te_d, seed, params, acc, precision, recall, specificity, f1, auroc, binary_precision, binary_recall, binary_specificity, binary_f1_score, acc_oracle, acc_val, model_selection_epoch, experiment_duration
5, irm_dinov2_config5, mname_dset_te_center0_erm_b44271c83_not_commited_2024md_06md_29_18_17_54_seed_0_21628983, commit_b44271c83_not_commited, erm, 30, center0, 0, "{'gamma_reg': 1.0}", 0.9511026, 0.6704071, 0.61718214, 0.61718214, 0.6380173, 0.91981244, 0.37288135, 0.25287357, 0.98149073, 0.30136985, 0.9752317, 0.9771711, 22, 11:54:04.457849
5, irm_dinov2_config5, mname_dset_te_center0_erm_b44271c83_not_commited_2024md_06md_30_06_19_39_seed_1_21628983, commit_b44271c83_not_commited, erm, 30, center0, 1, "{'gamma_reg': 1.0}", 0.9577828, 0.70186025, 0.5145437, 0.5145437, 0.5179809, 0.91348755, 0.44444445, 0.03076923, 0.9983182, 0.05755396, 0.96165, 0.97860193, 25, 11:56:09.073184
5, irm_dinov2_config5, mname_dset_te_center0_erm_b44271c83_not_commited_2024md_06md_30_18_23_51_seed_2_21628983, commit_b44271c83_not_commited, erm, 30, center0, 2, "{'gamma_reg': 1.0}", 0.9620131, 0.7502812, 0.5797265, 0.5797265, 0.6164387, 0.9459149, 0.53333336, 0.16528925, 0.99416375, 0.25236595, 0.9681039, 0.980717, 28, 12:12:59.864286
