param_index,method,mname,commit,algo,epos,te_d,seed,params,acc,precision,recall,specificity,f1,auroc,binary_precision,binary_recall,binary_specificity,binary_f1_score,acc_oracle,acc_val,model_selection_epoch,experiment_duration
1,irm_resnet_config2,mname_2024md_06md_23_22_25_09_seed_0,commit_b44271c83_not_commited,erm,1,center0,0,{'gamma_reg': 0.001},0.96173906,0.48282218,0.4979062,0.4979062,0.4902482,0.3984483,0.0,0.0,0.9958124,0.0,,,,
1,irm_resnet_config2,mname_2024md_06md_24_07_11_26_seed_1,commit_b44271c83_not_commited,erm,1,center0,1,{'gamma_reg': 0.001},0.96109927,0.48198995,0.49845022,0.49845022,0.49008194,0.36327708,0.0,0.0,0.99690044,0.0,,,,
1,irm_resnet_config2,mname_2024md_06md_24_17_22_59_seed_2,commit_b44271c83_not_commited,erm,1,center0,2,{'gamma_reg': 0.001},0.9674,0.4839578,0.49972484,0.49972484,0.49171495,0.46933526,0.0,0.0,0.9994497,0.0,,,,
0,irm_resnet_config1,mname_2024md_06md_23_22_25_03_seed_0,commit_b44271c83_not_commited,erm,1,center0,0,{'gamma_reg': 0.0001},0.9631226,0.49248627,0.49937257,0.49937257,0.49204582,0.4420917,0.01923077,0.00155521,0.99718994,0.0028776978,,,,
0,irm_resnet_config1,mname_2024md_06md_24_07_11_08_seed_1,commit_b44271c83_not_commited,erm,1,center0,1,{'gamma_reg': 0.0001},0.96003205,0.48840576,0.498612,0.498612,0.49113527,0.37624717,0.012820513,0.0014858841,0.9957381,0.0026631157,,,,
0,irm_resnet_config1,mname_2024md_06md_24_17_22_53_seed_2,commit_b44271c83_not_commited,erm,1,center0,2,{'gamma_reg': 0.0001},0.9672402,0.56297743,0.5020514,0.5020514,0.49650323,0.51355565,0.15789473,0.004983389,0.99911946,0.009661836,,,,
2,irm_resnet_config3,mname_2024md_06md_23_22_25_03_seed_0,commit_b44271c83_not_commited,erm,1,center0,0,{'gamma_reg': 0.01},0.9626437,0.49876052,0.49987468,0.49987468,0.49331498,0.4536572,0.031746034,0.00311042,0.99663895,0.005665723,,,,
2,irm_resnet_config3,mname_2024md_06md_24_07_10_56_seed_1,commit_b44271c83_not_commited,erm,1,center0,1,{'gamma_reg': 0.01},0.96120596,0.48199186,0.49850556,0.49850556,0.49010965,0.36127013,0.0,0.0,0.9970111,0.0,,,,
2,irm_resnet_config3,mname_2024md_06md_24_17_22_53_seed_2,commit_b44271c83_not_commited,erm,1,center0,2,{'gamma_reg': 0.01},0.96708035,0.48395267,0.49955973,0.49955973,0.49163237,0.4649309,0.0,0.0,0.99911946,0.0,,,,
