param_index,method,mname,commit,algo,epos,te_d,seed,params,acc,precision,recall,specificity,f1,auroc,binary_precision,binary_recall,binary_specificity,binary_f1_score,acc_oracle,acc_val,model_selection_epoch,experiment_duration
2,irm_resnet_config3,mname_2024md_06md_23_22_25_03_seed_0,commit_b44271c83_not_commited,erm,1,center0,0,{'gamma_reg': 0.01},0.75752103,0.7973459,0.5347235,0.5347235,0.4978239,0.82555294,0.83908045,0.07440881,0.9950383,0.13669558,,,,
2,irm_resnet_config3,mname_2024md_06md_24_07_10_56_seed_1,commit_b44271c83_not_commited,erm,1,center0,1,{'gamma_reg': 0.01},0.75265694,0.7883142,0.5148294,0.5148294,0.45955485,0.7665762,0.82468694,0.031969488,0.9976893,0.06155284,,,,
2,irm_resnet_config3,mname_2024md_06md_24_17_22_53_seed_2,commit_b44271c83_not_commited,erm,1,center0,2,{'gamma_reg': 0.01},0.74803275,0.84436417,0.5225719,0.5225719,0.47089732,0.78466666,0.94324327,0.046136558,0.99900734,0.08797026,,,,
1,irm_resnet_config2,mname_2024md_06md_23_22_25_09_seed_0,commit_b44271c83_not_commited,erm,1,center0,0,{'gamma_reg': 0.001},0.7478962,0.7254888,0.5168904,0.5168904,0.46453187,0.7987303,0.7024096,0.039616745,0.99416405,0.075003214,,,,
1,irm_resnet_config2,mname_2024md_06md_24_07_11_26_seed_1,commit_b44271c83_not_commited,erm,1,center0,1,{'gamma_reg': 0.001},0.75038713,0.7998253,0.509224,0.509224,0.44747365,0.7347636,0.8498498,0.019626882,0.99882114,0.03836768,,,,
1,irm_resnet_config2,mname_2024md_06md_24_17_22_59_seed_2,commit_b44271c83_not_commited,erm,1,center0,2,{'gamma_reg': 0.001},0.7453517,0.85234153,0.5170365,0.5170365,0.4596499,0.7868426,0.96139705,0.03456937,0.9995037,0.06673898,,,,
0,irm_resnet_config1,mname_2024md_06md_23_22_25_03_seed_0,commit_b44271c83_not_commited,erm,1,center0,0,{'gamma_reg': 0.0001},0.7552945,0.79979813,0.52956337,0.52956337,0.487715,0.80301034,0.84608376,0.06311999,0.9960068,0.11747598,,,,
0,irm_resnet_config1,mname_2024md_06md_24_07_11_08_seed_1,commit_b44271c83_not_commited,erm,1,center0,1,{'gamma_reg': 0.0001},0.75418776,0.7728038,0.51923174,0.51923174,0.46916646,0.7837156,0.7919376,0.042235937,0.99622756,0.08019489,,,,
0,irm_resnet_config1,mname_2024md_06md_24_17_22_53_seed_2,commit_b44271c83_not_commited,erm,1,center0,2,{'gamma_reg': 0.0001},0.7499652,0.85307944,0.52607054,0.52607054,0.47757843,0.79591227,0.95928144,0.052944675,0.9991964,0.10035079,,,,
