param_index, method, mname, commit, algo, epos, te_d, seed, params, acc, precision, recall, specificity, f1, auroc, binary_precision, binary_recall, binary_specificity, binary_f1_score, acc_oracle, acc_val, model_selection_epoch, experiment_duration
0, erm_dinov2, mname_dset_te_center0_erm_b44271c83_not_commited_2024md_07md_11_09_26_29_seed_0_21870150, commit_b44271c83_not_commited, erm, 29, center0, 0, "{}", 0.8804124, 0.88902235, 0.8906977, 0.8906977, 0.8803997, 0.9393109, 0.9818182, 0.8, 0.98139536, 0.8816327, 0.8804124, 0.91537267, 9, 7:50:06.535739
0, erm_dinov2, mname_dset_te_center0_erm_b44271c83_not_commited_2024md_07md_11_17_27_37_seed_1_21870150, commit_b44271c83_not_commited, erm, 30, center0, 1, "{}", 0.85983264, 0.8721018, 0.8653755, 0.8653755, 0.85956156, 0.9252701, 0.9558824, 0.770751, 0.96, 0.8533917, 0.8849372, 0.90163934, 25, 8:06:33.702362
0, erm_dinov2, mname_dset_te_center0_erm_b44271c83_not_commited_2024md_07md_12_01_45_03_seed_2_21870150, commit_b44271c83_not_commited, erm, 29, center0, 2, "{}", 0.85052633, 0.85290146, 0.8552481, 0.8552481, 0.85043085, 0.9101244, 0.9122807, 0.8030888, 0.9074074, 0.85420936, 0.89894736, 0.8951487, 9, 7:58:54.116669
