param_index, method, mname, commit, algo, epos, te_d, seed, params, acc, precision, recall, specificity, f1, auroc, binary_precision, binary_recall, binary_specificity, binary_f1_score, acc_oracle, acc_val, model_selection_epoch, experiment_duration
1, irm_dinov2_config1, mname_dset_te_center0_erm_b44271c83_not_commited_2024md_07md_11_11_37_38_seed_0_21870151, commit_b44271c83_not_commited, erm, 30, center0, 0, "{'gamma_reg': 1e-05}", 0.88659793, 0.8958097, 0.8972007, 0.8972007, 0.88659024, 0.95369506, 0.99086756, 0.8037037, 0.9906977, 0.88752556, 0.90927833, 0.91459626, 21, 5:31:54.665943
1, irm_dinov2_config1, mname_dset_te_center0_erm_b44271c83_not_commited_2024md_07md_11_17_22_00_seed_1_21870151, commit_b44271c83_not_commited, erm, 30, center0, 1, "{'gamma_reg': 1e-05}", 0.87238497, 0.8745263, 0.8750198, 0.8750198, 0.8723799, 0.92959154, 0.92105263, 0.8300395, 0.92, 0.87318087, 0.88075316, 0.90242, 24, 5:25:13.521230
1, irm_dinov2_config1, mname_dset_te_center0_erm_b44271c83_not_commited_2024md_07md_11_22_59_14_seed_2_21870151, commit_b44271c83_not_commited, erm, 30, center0, 2, "{'gamma_reg': 1e-05}", 0.88, 0.88542783, 0.88650256, 0.88650256, 0.87999153, 0.938939, 0.9590909, 0.8146718, 0.9583333, 0.88100207, 0.91157895, 0.91001564, 28, 5:25:35.233145
