param_index, method, mname, commit, algo, epos, te_d, seed, params, acc, precision, recall, specificity, f1, auroc, binary_precision, binary_recall, binary_specificity, binary_f1_score, acc_oracle, acc_val, model_selection_epoch, experiment_duration
2, irm_dinov2_config2, mname_dset_te_center0_erm_b44271c83_not_commited_2024md_07md_10_21_05_42_seed_0_21870147, commit_b44271c83_not_commited, erm, 30, center0, 0, "{'gamma_reg': 0.0001}", 0.8453608, 0.8488342, 0.852584, 0.852584, 0.8451923, 0.9211714, 0.9220779, 0.7888889, 0.9162791, 0.85029936, 0.9257732, 0.9301242, 20, 5:24:57.649417
2, irm_dinov2_config2, mname_dset_te_center0_erm_b44271c83_not_commited_2024md_07md_11_02_44_18_seed_1_21870147, commit_b44271c83_not_commited, erm, 30, center0, 1, "{'gamma_reg': 0.0001}", 0.85983264, 0.8678359, 0.86439174, 0.86439174, 0.8597289, 0.9229162, 0.9386792, 0.78656125, 0.94222224, 0.85591394, 0.8849372, 0.9032006, 20, 5:22:18.788388
2, irm_dinov2_config2, mname_dset_te_center0_erm_b44271c83_not_commited_2024md_07md_11_08_20_23_seed_2_21870147, commit_b44271c83_not_commited, erm, 30, center0, 2, "{'gamma_reg': 0.0001}", 0.81473684, 0.8469349, 0.8285786, 0.8285786, 0.8136059, 0.93876016, 0.9776536, 0.6756757, 0.9814815, 0.7990867, 0.8821053, 0.9029734, 27, 5:24:02.894654
