param_index, method, mname, commit, algo, epos, te_d, seed, params, acc, precision, recall, specificity, f1, auroc, binary_precision, binary_recall, binary_specificity, binary_f1_score, acc_oracle, acc_val, model_selection_epoch, experiment_duration
3, irm_dinov2_config3, mname_dset_te_center0_erm_b44271c83_not_commited_2024md_07md_11_11_55_54_seed_0_21870152, commit_b44271c83_not_commited, erm, 30, center0, 0, "{'gamma_reg': 0.001}", 0.8618557, 0.8678633, 0.8707149, 0.8707149, 0.861797, 0.9289406, 0.95111114, 0.7925926, 0.9488372, 0.8646465, 0.9195876, 0.91537267, 18, 5:21:19.968762
3, irm_dinov2_config3, mname_dset_te_center0_erm_b44271c83_not_commited_2024md_07md_11_17_31_00_seed_1_21870152, commit_b44271c83_not_commited, erm, 30, center0, 1, "{'gamma_reg': 0.001}", 0.9121339, 0.91670334, 0.91576636, 0.91576636, 0.91212773, 0.9579271, 0.97737557, 0.85375494, 0.9777778, 0.9113924, 0.9121339, 0.91569084, 26, 5:13:03.050909
3, irm_dinov2_config3, mname_dset_te_center0_erm_b44271c83_not_commited_2024md_07md_11_22_57_39_seed_2_21870152, commit_b44271c83_not_commited, erm, 30, center0, 2, "{'gamma_reg': 0.001}", 0.7368421, 0.8134327, 0.7583029, 0.7583029, 0.72915953, 0.9579222, 0.99264705, 0.5212355, 0.9953704, 0.6835443, 0.8968421, 0.90140843, 30, 5:14:00.527467
