param_index, method, mname, commit, algo, epos, te_d, seed, params, acc, precision, recall, specificity, f1, auroc, binary_precision, binary_recall, binary_specificity, binary_f1_score, acc_oracle, acc_val, model_selection_epoch, experiment_duration
4, irm_dinov2_config4, mname_dset_te_center0_erm_b44271c83_not_commited_2024md_07md_10_21_04_07_seed_0_21870148, commit_b44271c83_not_commited, erm, 30, center0, 0, "{'gamma_reg': 0.1}", 0.8907217, 0.8951027, 0.89900947, 0.89900947, 0.8906305, 0.94270456, 0.9737991, 0.82592595, 0.97209305, 0.89378756, 0.91752577, 0.9208075, 30, 3:57:06.589724
4, irm_dinov2_config4, mname_dset_te_center0_erm_b44271c83_not_commited_2024md_07md_11_01_11_04_seed_1_21870148, commit_b44271c83_not_commited, erm, 30, center0, 1, "{'gamma_reg': 0.1}", 0.8535565, 0.87781394, 0.8611682, 0.8611682, 0.85262513, 0.95209485, 0.98930484, 0.7312253, 0.9911111, 0.8409091, 0.9079498, 0.9117877, 27, 3:55:09.815785
4, irm_dinov2_config4, mname_dset_te_center0_erm_b44271c83_not_commited_2024md_07md_11_05_16_15_seed_2_21870148, commit_b44271c83_not_commited, erm, 30, center0, 2, "{'gamma_reg': 0.1}", 0.8442105, 0.8498591, 0.85060954, 0.85060954, 0.8442043, 0.93148506, 0.9223744, 0.7799228, 0.9212963, 0.8451883, 0.8905263, 0.899061, 22, 3:55:05.971155
