param_index, method, mname, commit, algo, epos, te_d, seed, params, acc, precision, recall, specificity, f1, auroc, binary_precision, binary_recall, binary_specificity, binary_f1_score, acc_oracle, acc_val, model_selection_epoch, experiment_duration
5, irm_dinov2_config5, mname_dset_te_center0_erm_b44271c83_not_commited_2024md_07md_11_14_03_02_seed_0_21870153, commit_b44271c83_not_commited, erm, 30, center0, 0, "{'gamma_reg': 1.0}", 0.9154639, 0.9145256, 0.91412574, 0.91412574, 0.91432166, 0.9567442, 0.92250925, 0.9259259, 0.9023256, 0.9242144, 0.9154639, 0.89829195, 25, 5:25:35.008015
5, irm_dinov2_config5, mname_dset_te_center0_erm_b44271c83_not_commited_2024md_07md_11_19_42_22_seed_1_21870153, commit_b44271c83_not_commited, erm, 30, center0, 1, "{'gamma_reg': 1.0}", 0.88912135, 0.8975032, 0.8937813, 0.8937813, 0.8890393, 0.9325604, 0.9716981, 0.81422925, 0.97333336, 0.88602155, 0.8933054, 0.913349, 30, 5:22:30.716783
5, irm_dinov2_config5, mname_dset_te_center0_erm_b44271c83_not_commited_2024md_07md_12_01_18_37_seed_2_21870153, commit_b44271c83_not_commited, erm, 30, center0, 2, "{'gamma_reg': 1.0}", 0.79157895, 0.8428571, 0.8088803, 0.8088803, 0.7886412, 0.9550265, 1.0, 0.6177606, 1.0, 0.76372313, 0.8842105, 0.8849765, 16, 5:23:10.527332
