param_index, method, mname, commit, algo, epos, te_d, seed, params, acc, precision, recall, specificity, f1, auroc, binary_precision, binary_recall, binary_specificity, binary_f1_score, acc_oracle, acc_val, model_selection_epoch, experiment_duration
0, erm_dinov2, mname_dset_te_center0_erm_b888c1ef2_not_commited_2024md_07md_23_01_59_53_seed_0_22769262, commit_b888c1ef2_not_commited, erm, 8, center0, 0, "{}", 0.8604651, 0.8650135, 0.8604651, 0.8604651, 0.86002904, 0.9270957, 0.90575916, 0.80465114, 0.9162791, 0.8522167, 0.8604651, 0.8680124, 3, 0:13:20.621599
0, erm_dinov2, mname_dset_te_center0_erm_b888c1ef2_not_commited_2024md_07md_23_02_14_40_seed_1_22769262, commit_b888c1ef2_not_commited, erm, 8, center0, 1, "{}", 0.86444443, 0.87149644, 0.86444443, 0.86444443, 0.8637981, 0.9396938, 0.92268044, 0.79555553, 0.93333334, 0.8544153, 0.86444443, 0.8594848, 3, 0:13:05.677906
0, erm_dinov2, mname_dset_te_center0_erm_b888c1ef2_not_commited_2024md_07md_23_02_29_17_seed_2_22769262, commit_b888c1ef2_not_commited, erm, 6, center0, 2, "{}", 0.8194444, 0.81947184, 0.8194444, 0.8194444, 0.8194406, 0.89343274, 0.8165138, 0.8240741, 0.8148148, 0.8202765, 0.8310185, 0.8262911, 1, 0:09:45.523970
