param_index,method,mname,commit,algo,epos,te_d,seed,params,acc,precision,recall,specificity,f1,auroc,binary_precision,binary_recall,binary_specificity,binary_f1_score,acc_oracle,acc_val,model_selection_epoch,experiment_duration
0,erm,mname_2024md_08md_01_03_14_06_seed_0,commit_b44271c83_not_commited,erm,6,center0,0,{},0.96596354,0.8596641,0.63593006,0.63593006,0.69292176,0.9266982,0.75,0.27586207,0.995998,0.40336132,,,,
0,erm,mname_2024md_08md_01_08_10_34_seed_1,commit_b44271c83_not_commited,erm,7,center0,1,{},0.9653561,0.8242711,0.66193694,0.66193694,0.7132825,0.9420464,0.6771653,0.33076924,0.99310464,0.44444445,,,,
0,erm,mname_2024md_08md_01_13_32_26_seed_2,commit_b44271c83_not_commited,erm,3,center0,2,{},0.956243,0.50922906,0.50138086,0.50138086,0.4960326,0.9096975,0.057142857,0.008264462,0.99449724,0.014440432,,,,
2,dann,mname_2024md_07md_31_22_13_45_seed_0,commit_b44271c83_not_commited,dann,7,center0,0,{'gamma_reg': 0.1001},0.95589644,0.60030115,0.5115757,0.5115757,0.5128505,0.882796,0.2413793,0.026819924,0.9963315,0.048275862,,,,
2,dann,mname_2024md_08md_01_04_37_54_seed_1,commit_b44271c83_not_commited,dann,1,center0,1,{'gamma_reg': 0.1001},0.04189494,0.02094747,0.5,0.5,0.04021033,0.5,0.04189494,1.0,0.0,0.08042066,,,,
2,dann,mname_2024md_08md_01_07_17_13_seed_2,commit_b44271c83_not_commited,dann,1,center0,2,{'gamma_reg': 0.1001},0.96121174,0.48060587,0.5,0.5,0.49011117,0.5,0.0,0.0,1.0,0.0,,,,
1,dann,mname_2024md_07md_31_22_05_03_seed_0,commit_b44271c83_not_commited,dann,1,center0,0,{'gamma_reg': 9e-05},0.041706614,0.020853307,0.5,0.5,0.040036816,0.5,0.041706614,1.0,0.0,0.08007363,,,,
1,dann,mname_2024md_08md_01_00_39_05_seed_1,commit_b44271c83_not_commited,dann,1,center0,1,{'gamma_reg': 9e-05},0.04189494,0.02094747,0.5,0.5,0.04021033,0.5,0.04189494,1.0,0.0,0.08042066,,,,
1,dann,mname_2024md_08md_01_03_15_39_seed_2,commit_b44271c83_not_commited,dann,1,center0,2,{'gamma_reg': 9e-05},0.96121174,0.48060587,0.5,0.5,0.49011117,0.5,0.0,0.0,1.0,0.0,,,,
