param_index,method,mname,commit,algo,epos,te_d,seed,params,acc,precision,recall,specificity,f1,auroc,binary_precision,binary_recall,binary_specificity,binary_f1_score,acc_oracle,acc_val,model_selection_epoch,experiment_duration
0,erm,mname_2024md_08md_01_03_14_06_seed_0,commit_b44271c83_not_commited,erm,6,center0,0,{},0.9940202,0.99407756,0.9940249,0.9940249,0.9940201,0.99973094,0.99961245,0.98843366,0.99961615,0.9939916,,,,
0,erm,mname_2024md_08md_01_08_10_34_seed_1,commit_b44271c83_not_commited,erm,7,center0,1,{},0.99517494,0.99518895,0.99517703,0.99517703,0.99517494,0.9998437,0.9980115,0.9923341,0.99801993,0.9951647,,,,
0,erm,mname_2024md_08md_01_13_32_26_seed_2,commit_b44271c83_not_commited,erm,3,center0,2,{},0.9802758,0.98028743,0.9802752,0.9802752,0.98027563,0.9985601,0.9779856,0.98268116,0.9778693,0.9803278,,,,
2,dann,mname_2024md_07md_31_22_13_45_seed_0,commit_b44271c83_not_commited,dann,7,center0,0,{'gamma_reg': 0.1001},0.9764296,0.97723055,0.97644615,0.97644615,0.9764203,0.9974498,0.9969837,0.9557886,0.9971037,0.9759516,,,,
2,dann,mname_2024md_08md_01_04_37_54_seed_1,commit_b44271c83_not_commited,dann,1,center0,1,{'gamma_reg': 0.1001},0.5003645,0.25018224,0.5,0.5,0.33349526,0.5,0.5003645,1.0,0.0,0.6669905,,,,
2,dann,mname_2024md_08md_01_07_17_13_seed_2,commit_b44271c83_not_commited,dann,1,center0,2,{'gamma_reg': 0.1001},0.4998971,0.24994855,0.5,0.5,0.3332876,0.5,0.0,0.0,1.0,0.0,,,,
1,dann,mname_2024md_07md_31_22_05_03_seed_0,commit_b44271c83_not_commited,dann,1,center0,0,{'gamma_reg': 9e-05},0.5003661,0.25018305,0.5,0.5,0.333496,0.5,0.5003661,1.0,0.0,0.666992,,,,
1,dann,mname_2024md_08md_01_00_39_05_seed_1,commit_b44271c83_not_commited,dann,1,center0,1,{'gamma_reg': 9e-05},0.5003645,0.25018224,0.5,0.5,0.33349526,0.5,0.5003645,1.0,0.0,0.6669905,,,,
1,dann,mname_2024md_08md_01_03_15_39_seed_2,commit_b44271c83_not_commited,dann,1,center0,2,{'gamma_reg': 9e-05},0.49991423,0.24995711,0.5,0.5,0.33329523,0.5,0.0,0.0,1.0,0.0,,,,
