param_index,method,mname,commit,algo,epos,te_d,seed,params,acc,precision,recall,specificity,f1,auroc,binary_precision,binary_recall,binary_specificity,binary_f1_score,acc_oracle,acc_val,model_selection_epoch,experiment_duration
0,erm,mname_2024md_08md_01_03_14_06_seed_0,commit_b44271c83_not_commited,erm,6,center0,0,{},0.96674114,0.74836475,0.7442638,0.7442638,0.7462953,0.94695044,0.5142405,0.5054432,0.98308444,0.5098039,,,,
0,erm,mname_2024md_08md_01_08_10_34_seed_1,commit_b44271c83_not_commited,erm,7,center0,1,{},0.95832443,0.71059793,0.7680974,0.7680974,0.73539877,0.93207633,0.43764433,0.56315005,0.97304475,0.49252757,,,,
0,erm,mname_2024md_08md_01_13_32_26_seed_2,commit_b44271c83_not_commited,erm,3,center0,2,{},0.9633516,0.700247,0.68153167,0.68153167,0.6903749,0.92033625,0.4209559,0.38039866,0.9826647,0.39965096,,,,
1,dann,mname_2024md_07md_31_22_05_03_seed_0,commit_b44271c83_not_commited,dann,1,center0,0,{'gamma_reg': 9e-05},0.034216687,0.017108344,0.5,0.5,0.033084642,0.5,0.034216687,1.0,0.0,0.066169284,,,,
1,dann,mname_2024md_08md_01_00_39_05_seed_1,commit_b44271c83_not_commited,dann,1,center0,1,{'gamma_reg': 9e-05},0.035912488,0.017956244,0.5,0.5,0.034667492,0.5,0.035912488,1.0,0.0,0.069334984,,,,
1,dann,mname_2024md_08md_01_03_15_39_seed_2,commit_b44271c83_not_commited,dann,1,center0,2,{'gamma_reg': 9e-05},0.96793264,0.48396632,0.5,0.5,0.49185252,0.5,0.0,0.0,1.0,0.0,,,,
2,dann,mname_2024md_07md_31_22_13_45_seed_0,commit_b44271c83_not_commited,dann,7,center0,0,{'gamma_reg': 0.1001},0.9605683,0.6442231,0.5618049,0.5618049,0.5840916,0.88929737,0.31851852,0.13374805,0.9898617,0.18838991,,,,
2,dann,mname_2024md_08md_01_04_37_54_seed_1,commit_b44271c83_not_commited,dann,1,center0,1,{'gamma_reg': 0.1001},0.035912488,0.017956244,0.5,0.5,0.034667492,0.5,0.035912488,1.0,0.0,0.069334984,,,,
2,dann,mname_2024md_08md_01_07_17_13_seed_2,commit_b44271c83_not_commited,dann,1,center0,2,{'gamma_reg': 0.1001},0.96793264,0.48396632,0.5,0.5,0.49185252,0.5,0.0,0.0,1.0,0.0,,,,
