param_index, method, mname, commit, algo, epos, te_d, seed, params, acc, precision, recall, specificity, f1, auroc, binary_precision, binary_recall, binary_specificity, binary_f1_score, acc_oracle, acc_val, model_selection_epoch, experiment_duration
0, erm, mname_2024md_08md_01_03_14_06_seed_0, commit_b44271c83_not_commited, erm, 9, center0, 0, "{}", 0.95669544, 0.4791133, 0.49916625, 0.49916625, 0.48893425, 0.9440022, 0.0, 0.0, 0.9983325, 0.0, , , , 
0, erm, mname_2024md_08md_01_08_10_34_seed_1, commit_b44271c83_not_commited, erm, 10, center0, 1, "{}", 0.9465034, 0.47880664, 0.4939455, 0.4939455, 0.48625827, 0.8746294, 0.0, 0.0, 0.987891, 0.0, , , , 
0, erm, mname_2024md_08md_01_13_32_26_seed_2, commit_b44271c83_not_commited, erm, 6, center0, 2, "{}", 0.9283539, 0.6600775, 0.8715253, 0.8715253, 0.71440876, 0.92927986, 0.3283082, 0.80991733, 0.93313324, 0.46722284, , , , 
2, dann, mname_2024md_07md_31_22_13_45_seed_0, commit_b44271c83_not_commited, dann, 10, center0, 0, "{'gamma_reg': 0.10010}", 0.9435922, 0.66413385, 0.6957185, 0.6957185, 0.6782625, 0.8891387, 0.3535032, 0.42528737, 0.96614975, 0.38608694, , , , 
2, dann, mname_2024md_08md_01_04_37_54_seed_1, commit_b44271c83_not_commited, dann, 4, center0, 1, "{'gamma_reg': 0.10010}", 0.04189494, 0.02094747, 0.5, 0.5, 0.04021033, 0.5, 0.04189494, 1.0, 0.0, 0.08042066, , , , 
2, dann, mname_2024md_08md_01_07_17_13_seed_2, commit_b44271c83_not_commited, dann, 4, center0, 2, "{'gamma_reg': 0.10010}", 0.96121174, 0.48060587, 0.5, 0.5, 0.49011117, 0.5, 0.0, 0.0, 1.0, 0.0, , , , 
1, dann, mname_2024md_07md_31_22_05_03_seed_0, commit_b44271c83_not_commited, dann, 4, center0, 0, "{'gamma_reg': 0.00009}", 0.041706614, 0.020853307, 0.5, 0.5, 0.040036816, 0.5, 0.041706614, 1.0, 0.0, 0.08007363, , , , 
1, dann, mname_2024md_08md_01_00_39_05_seed_1, commit_b44271c83_not_commited, dann, 4, center0, 1, "{'gamma_reg': 0.00009}", 0.04189494, 0.02094747, 0.5, 0.5, 0.04021033, 0.5, 0.04189494, 1.0, 0.0, 0.08042066, , , , 
1, dann, mname_2024md_08md_01_03_15_39_seed_2, commit_b44271c83_not_commited, dann, 4, center0, 2, "{'gamma_reg': 0.00009}", 0.96121174, 0.48060587, 0.5, 0.5, 0.49011117, 0.5, 0.0, 0.0, 1.0, 0.0, , , , 
