param_index, method, mname, commit, algo, epos, te_d, seed, params, acc, precision, recall, specificity, f1, auroc, binary_precision, binary_recall, binary_specificity, binary_f1_score, acc_oracle, acc_val, model_selection_epoch, experiment_duration
0, erm, mname_2024md_08md_01_03_14_06_seed_0, commit_b44271c83_not_commited, erm, 9, center0, 0, "{}", 0.96397406, 0.6880092, 0.5545674, 0.5545674, 0.5804883, 0.92256874, 0.4065934, 0.115085535, 0.99404925, 0.17939395, , , , 
0, erm, mname_2024md_08md_01_08_10_34_seed_1, commit_b44271c83_not_commited, erm, 10, center0, 1, "{}", 0.9582711, 0.5589709, 0.51414984, 0.51414984, 0.5182472, 0.9224756, 0.15286624, 0.035661217, 0.9926385, 0.05783132, , , , 
0, erm, mname_2024md_08md_01_13_32_26_seed_2, commit_b44271c83_not_commited, erm, 6, center0, 2, "{}", 0.8957013, 0.6049677, 0.8746516, 0.8746516, 0.643591, 0.9259381, 0.21536525, 0.85215944, 0.8971438, 0.3438338, , , , 
1, dann, mname_2024md_07md_31_22_05_03_seed_0, commit_b44271c83_not_commited, dann, 4, center0, 0, "{'gamma_reg': 0.00009}", 0.034216687, 0.017108344, 0.5, 0.5, 0.033084642, 0.5, 0.034216687, 1.0, 0.0, 0.066169284, , , , 
1, dann, mname_2024md_08md_01_00_39_05_seed_1, commit_b44271c83_not_commited, dann, 4, center0, 1, "{'gamma_reg': 0.00009}", 0.035912488, 0.017956244, 0.5, 0.5, 0.034667492, 0.5, 0.035912488, 1.0, 0.0, 0.069334984, , , , 
1, dann, mname_2024md_08md_01_03_15_39_seed_2, commit_b44271c83_not_commited, dann, 4, center0, 2, "{'gamma_reg': 0.00009}", 0.96793264, 0.48396632, 0.5, 0.5, 0.49185252, 0.5, 0.0, 0.0, 1.0, 0.0, , , , 
2, dann, mname_2024md_07md_31_22_13_45_seed_0, commit_b44271c83_not_commited, dann, 10, center0, 0, "{'gamma_reg': 0.10010}", 0.9442848, 0.63791597, 0.70788604, 0.70788604, 0.66447055, 0.8791165, 0.29554656, 0.4541213, 0.9616508, 0.3580625, , , , 
2, dann, mname_2024md_08md_01_04_37_54_seed_1, commit_b44271c83_not_commited, dann, 4, center0, 1, "{'gamma_reg': 0.10010}", 0.035912488, 0.017956244, 0.5, 0.5, 0.034667492, 0.5, 0.035912488, 1.0, 0.0, 0.069334984, , , , 
2, dann, mname_2024md_08md_01_07_17_13_seed_2, commit_b44271c83_not_commited, dann, 4, center0, 2, "{'gamma_reg': 0.10010}", 0.96793264, 0.48396632, 0.5, 0.5, 0.49185252, 0.5, 0.0, 0.0, 1.0, 0.0, , , , 
