param_index, method, mname, commit, algo, epos, te_d, seed, params, acc, precision, recall, specificity, f1, auroc, binary_precision, binary_recall, binary_specificity, binary_f1_score, acc_oracle, acc_val, model_selection_epoch, experiment_duration
0, erm, mname_2024md_08md_01_03_14_06_seed_0, commit_b44271c83_not_commited, erm, 9, center0, 0, "{}", 0.99614716, 0.99616283, 0.99614954, 0.99614954, 0.99614716, 0.9998766, 0.9991588, 0.9931366, 0.9991625, 0.9961386, , , , 
0, erm, mname_2024md_08md_01_08_10_34_seed_1, commit_b44271c83_not_commited, erm, 10, center0, 1, "{}", 0.9930054, 0.99309325, 0.9930104, 0.9930104, 0.99300516, 0.9998946, 0.99985933, 0.98615974, 0.99986106, 0.9929623, , , , 
0, erm, mname_2024md_08md_01_13_32_26_seed_2, commit_b44271c83_not_commited, erm, 6, center0, 2, "{}", 0.97996706, 0.9806525, 0.9799632, 0.9799632, 0.9799598, 0.999799, 0.9625529, 0.9987996, 0.96112674, 0.9803413, , , , 
2, dann, mname_2024md_07md_31_22_13_45_seed_0, commit_b44271c83_not_commited, dann, 10, center0, 0, "{'gamma_reg': 0.10010}", 0.99283475, 0.992887, 0.9928398, 0.9928398, 0.99283457, 0.9991226, 0.9982041, 0.9874595, 0.9982201, 0.9928027, , , , 
2, dann, mname_2024md_08md_01_04_37_54_seed_1, commit_b44271c83_not_commited, dann, 4, center0, 1, "{'gamma_reg': 0.10010}", 0.5003818, 0.2501909, 0.5, 0.5, 0.33350298, 0.5, 0.5003818, 1.0, 0.0, 0.66700596, , , , 
2, dann, mname_2024md_08md_01_07_17_13_seed_2, commit_b44271c83_not_commited, dann, 4, center0, 2, "{'gamma_reg': 0.10010}", 0.49987993, 0.24993996, 0.5, 0.5, 0.33327997, 0.5, 0.0, 0.0, 1.0, 0.0, , , , 
1, dann, mname_2024md_07md_31_22_05_03_seed_0, commit_b44271c83_not_commited, dann, 4, center0, 0, "{'gamma_reg': 0.00009}", 0.50040096, 0.25020048, 0.5, 0.5, 0.33351147, 0.5, 0.50040096, 1.0, 0.0, 0.66702294, , , , 
1, dann, mname_2024md_08md_01_00_39_05_seed_1, commit_b44271c83_not_commited, dann, 4, center0, 1, "{'gamma_reg': 0.00009}", 0.5003645, 0.25018224, 0.5, 0.5, 0.33349526, 0.5, 0.5003645, 1.0, 0.0, 0.6669905, , , , 
1, dann, mname_2024md_08md_01_03_15_39_seed_2, commit_b44271c83_not_commited, dann, 4, center0, 2, "{'gamma_reg': 0.00009}", 0.49991423, 0.24995711, 0.5, 0.5, 0.33329523, 0.5, 0.0, 0.0, 1.0, 0.0, , , , 
