param_index, method, mname, commit, algo, epos, te_d, seed, params, acc, precision, recall, specificity, f1, auroc, binary_precision, binary_recall, binary_specificity, binary_f1_score, acc_oracle, acc_val, model_selection_epoch, experiment_duration
0, erm_dinov2, mname_dset_te_center0_erm_b44271c83_not_commited_2024md_06md_03_09_42_47_seed_0_21054741, commit_b44271c83_not_commited, erm, 30, center0, 0, "{}", 0.9974926, 0.99858665, 0.9891443, 0.9891443, 0.9938049, 0.99982554, 1.0, 0.97828865, 1.0, 0.9890252, 0.9967552, 0.97333974, 23, 11:42:37.829979
0, erm_dinov2, mname_dset_te_center0_erm_b44271c83_not_commited_2024md_06md_03_21_32_27_seed_1_21054741, commit_b44271c83_not_commited, erm, 30, center0, 1, "{}", 0.99776983, 0.99874187, 0.9903846, 0.9903846, 0.9945158, 0.9991783, 1.0, 0.9807692, 1.0, 0.9902913, 0.99910796, 0.9683031, 28, 10:29:32.088486
0, erm_dinov2, mname_dset_te_center0_erm_b44271c83_not_commited_2024md_06md_04_08_08_19_seed_2_21054741, commit_b44271c83_not_commited, erm, 30, center0, 2, "{}", 0.99806637, 0.998302, 0.99165213, 0.99165213, 0.9949478, 0.9998672, 0.9986014, 0.9834711, 0.9998332, 0.9909785, 0.9973226, 0.9710755, 28, 10:30:09.055011
