param_index, method, mname, commit, algo, epos, te_d, seed, params, acc, precision, recall, specificity, f1, auroc, binary_precision, binary_recall, binary_specificity, binary_f1_score, acc_oracle, acc_val, model_selection_epoch, experiment_duration
10, irm_resnet_config2, mname_dset_te_center0_erm_b44271c83_not_commited_2024md_06md_10_16_26_16_seed_0_21277201, commit_b44271c83_not_commited, erm, 30, center0, 0, "{'gamma_reg': 0.0005}", 0.9769912, 0.92514575, 0.97144806, 0.97144806, 0.9466233, 0.9939915, 0.85503966, 0.9642401, 0.978656, 0.90636253, 0.97433627, 0.9539698, 1, 7:56:43.856789
10, irm_resnet_config2, mname_dset_te_center0_erm_b44271c83_not_commited_2024md_06md_11_00_29_13_seed_1_21277201, commit_b44271c83_not_commited, erm, 30, center0, 1, "{'gamma_reg': 0.0005}", 0.96045196, 0.8759853, 0.9664933, 0.9664933, 0.9141313, 0.99184203, 0.7554672, 0.974359, 0.95862764, 0.8510638, 0.96015465, 0.7532017, 1, 7:36:13.373065
10, irm_resnet_config2, mname_dset_te_center0_erm_b44271c83_not_commited_2024md_06md_11_08_10_58_seed_2_21277201, commit_b44271c83_not_commited, erm, 30, center0, 2, "{'gamma_reg': 0.0005}", 0.9300907, 0.8035437, 0.9511285, 0.9511285, 0.85532564, 0.99042475, 0.6099656, 0.9779614, 0.9242955, 0.75132275, 0.93856907, 0.7785117, 2, 7:53:23.218649
