param_index, method, mname, commit, algo, epos, te_d, seed, params, acc, precision, recall, specificity, f1, auroc, binary_precision, binary_recall, binary_specificity, binary_f1_score, acc_oracle, acc_val, model_selection_epoch, experiment_duration
11, irm_resnet_config3, mname_dset_te_center0_erm_b44271c83_not_commited_2024md_06md_03_22_48_33_seed_0_21096307, commit_b44271c83_not_commited, erm, 30, center0, 0, "{'gamma_reg': 0.001}", 0.97758114, 0.92581034, 0.97400236, 0.97400236, 0.9480991, 0.9961326, 0.85569334, 0.96934867, 0.978656, 0.90898204, 0.9738938, 0.87074286, 1, 7:26:47.101332
11, irm_resnet_config3, mname_dset_te_center0_erm_b44271c83_not_commited_2024md_06md_04_06_20_19_seed_1_21096307, commit_b44271c83_not_commited, erm, 30, center0, 1, "{'gamma_reg': 0.001}", 0.97323817, 0.914092, 0.9681557, 0.9681557, 0.9387833, 0.992224, 0.8333333, 0.96153843, 0.97477293, 0.8928571, 0.97160274, 0.8497332, 1, 7:35:42.632482
11, irm_resnet_config3, mname_dset_te_center0_erm_b44271c83_not_commited_2024md_06md_04_14_01_29_seed_2_21096307, commit_b44271c83_not_commited, erm, 30, center0, 2, "{'gamma_reg': 0.001}", 0.94972485, 0.84239846, 0.9633446, 0.9633446, 0.88962203, 0.99266666, 0.68725866, 0.9807162, 0.945973, 0.8081725, 0.950766, 0.85079634, 1, 7:37:09.199625
