param_index, method, mname, commit, algo, epos, te_d, seed, params, acc, precision, recall, specificity, f1, auroc, binary_precision, binary_recall, binary_specificity, binary_f1_score, acc_oracle, acc_val, model_selection_epoch, experiment_duration
2, irm_dinov2_config2, mname_dset_te_center0_erm_b44271c83_not_commited_2024md_06md_10_16_26_07_seed_0_21277197, commit_b44271c83_not_commited, erm, 30, center0, 0, "{'gamma_reg': 0.0005}", 0.99705017, 0.99776703, 0.9877838, 0.9877838, 0.9927075, 0.99954855, 0.9986928, 0.97573435, 0.9998332, 0.98708004, 0.99705017, 0.972169, 15, 11:46:37.621180
2, irm_dinov2_config2, mname_dset_te_center0_erm_b44271c83_not_commited_2024md_06md_11_04_18_40_seed_1_21277197, commit_b44271c83_not_commited, erm, 30, center0, 1, "{'gamma_reg': 0.0005}", 0.99286354, 0.995996, 0.9692308, 0.9692308, 0.98211694, 0.99945176, 1.0, 0.93846154, 1.0, 0.96825397, 0.9976212, 0.97187835, 17, 11:49:50.582046
2, irm_dinov2_config2, mname_dset_te_center0_erm_b44271c83_not_commited_2024md_06md_11_16_16_50_seed_2_21277197, commit_b44271c83_not_commited, erm, 30, center0, 2, "{'gamma_reg': 0.0005}", 0.99702513, 0.99833804, 0.9862259, 0.9862259, 0.9921844, 0.9999821, 1.0, 0.9724518, 1.0, 0.9860335, 0.9977689, 0.9759229, 24, 11:43:52.529272
