param_index, method, mname, commit, algo, epos, te_d, seed, params, acc, precision, recall, specificity, f1, auroc, binary_precision, binary_recall, binary_specificity, binary_f1_score, acc_oracle, acc_val, model_selection_epoch, experiment_duration
4, erm_vitbase, mname_dset_te_center0_erm_b44271c83_not_commited_2024md_06md_10_16_26_07_seed_0_21277198, commit_b44271c83_not_commited, erm, 23, center0, 0, "{}", 0.9974926, 0.99858665, 0.9891443, 0.9891443, 0.9938049, 0.9998535, 1.0, 0.97828865, 1.0, 0.9890252, 0.9985251, 0.9725415, 3, 12:22:26.181589
4, erm_vitbase, mname_dset_te_center0_erm_b44271c83_not_commited_2024md_06md_11_04_54_46_seed_1_21277198, commit_b44271c83_not_commited, erm, 30, center0, 1, "{}", 0.99866194, 0.99924433, 0.99423075, 0.99423075, 0.99672055, 0.99924874, 1.0, 0.98846155, 1.0, 0.9941973, 0.99895924, 0.9713447, 18, 15:59:17.069822
4, erm_vitbase, mname_dset_te_center0_erm_b44271c83_not_commited_2024md_06md_11_21_00_15_seed_2_21277198, commit_b44271c83_not_commited, erm, 30, center0, 2, "{}", 0.99806637, 0.9989185, 0.99104685, 0.99104685, 0.9949416, 0.9999047, 1.0, 0.9820937, 1.0, 0.99096596, 0.9989588, 0.9750173, 17, 16:00:27.551301
