param_index, method, mname, commit, algo, epos, te_d, seed, params, acc, precision, recall, specificity, f1, auroc, binary_precision, binary_recall, binary_specificity, binary_f1_score, acc_oracle, acc_val, model_selection_epoch, experiment_duration
8, erm_resnet, mname_dset_te_center0_erm_b44271c83_not_commited_2024md_06md_10_16_28_57_seed_0_21277200, commit_b44271c83_not_commited, erm, 29, center0, 0, "{}", 0.9992625, 0.99847114, 0.99791753, 0.99791753, 0.9981941, 0.99983406, 0.9974425, 0.99616855, 0.9996665, 0.9968051, 0.9992625, 0.9687633, 9, 11:04:07.236794
8, erm_resnet, mname_dset_te_center0_erm_b44271c83_not_commited_2024md_06md_11_03_39_38_seed_1_21277200, commit_b44271c83_not_commited, erm, 30, center0, 1, "{}", 0.999554, 0.9997479, 0.9980769, 0.9980769, 0.9989105, 0.9999913, 1.0, 0.99615383, 1.0, 0.9980732, 0.999554, 0.9719317, 24, 9:09:08.910106
8, erm_resnet, mname_dset_te_center0_erm_b44271c83_not_commited_2024md_06md_11_12_55_04_seed_2_21277200, commit_b44271c83_not_commited, erm, 26, center0, 2, "{}", 0.99910754, 0.9970859, 0.9982891, 0.9982891, 0.99768656, 0.9999467, 0.99450547, 0.9972452, 0.999333, 0.9958734, 0.9995538, 0.97134185, 6, 8:19:36.485489
