param_index, method, mname, commit, algo, epos, te_d, seed, params, acc, precision, recall, specificity, f1, auroc, binary_precision, binary_recall, binary_specificity, binary_f1_score, acc_oracle, acc_val, model_selection_epoch, experiment_duration
9, irm_resnet_config1, mname_dset_te_center0_erm_b44271c83_not_commited_2024md_06md_03_21_29_22_seed_0_21096306, commit_b44271c83_not_commited, erm, 30, center0, 0, "{'gamma_reg': 0.0001}", 0.9709439, 0.9022125, 0.9769128, 0.9769128, 0.93502563, 0.99661005, 0.80648535, 0.98467433, 0.96915126, 0.88671654, 0.97330385, 0.8572265, 2, 7:03:35.265373
9, irm_resnet_config1, mname_dset_te_center0_erm_b44271c83_not_commited_2024md_06md_04_04_37_56_seed_1_21096306, commit_b44271c83_not_commited, erm, 30, center0, 1, "{'gamma_reg': 0.0001}", 0.98483497, 0.95535547, 0.972487, 0.972487, 0.9637041, 0.99494255, 0.91646194, 0.9564102, 0.9885637, 0.93601006, 0.98736244, 0.8820704, 1, 7:03:08.493969
9, irm_resnet_config1, mname_dset_te_center0_erm_b44271c83_not_commited_2024md_06md_04_11_46_07_seed_2_21096306, commit_b44271c83_not_commited, erm, 30, center0, 2, "{'gamma_reg': 0.0001}", 0.9303882, 0.8040525, 0.9531112, 0.9531112, 0.8561957, 0.99357617, 0.6104452, 0.9820937, 0.9241287, 0.75290394, 0.9632605, 0.8306078, 2, 7:08:26.528723
