param_index, method, mname, commit, algo, epos, te_d, seed, params, acc, precision, recall, specificity, f1, auroc, binary_precision, binary_recall, binary_specificity, binary_f1_score, acc_oracle, acc_val, model_selection_epoch, experiment_duration
1, irm_dinov2_config1, mname_dset_te_center0_erm_b44271c83_not_commited_2024md_06md_28_21_02_39_seed_0_21626499, commit_b44271c83_not_commited, erm, 30, center0, 0, "{'gamma_reg': 1e-05}", 0.9590924, 0.7453203, 0.5993629, 0.5993629, 0.6378184, 0.9618064, 0.52427185, 0.20689656, 0.9918293, 0.2967033, 0.9693193, 0.98467433, 30, 6:33:14.028553
1, irm_dinov2_config1, mname_dset_te_center0_erm_b44271c83_not_commited_2024md_06md_29_03_41_20_seed_1_21626499, commit_b44271c83_not_commited, erm, 30, center0, 1, "{'gamma_reg': 1e-05}", 0.9606832, 0.7708022, 0.61536264, 0.61536264, 0.6583487, 0.9542092, 0.5740741, 0.23846154, 0.99226373, 0.3369565, 0.9606832, 0.98249733, 30, 6:24:33.523800
1, irm_dinov2_config1, mname_dset_te_center0_erm_b44271c83_not_commited_2024md_06md_29_10_11_19_seed_2_21626499, commit_b44271c83_not_commited, erm, 30, center0, 2, "{'gamma_reg': 1e-05}", 0.9626543, 0.758222, 0.60385287, 0.60385287, 0.6447071, 0.9515615, 0.5473684, 0.21487603, 0.99282974, 0.3086053, 0.9685847, 0.9817824, 23, 7:05:23.202389
