param_index, method, mname, commit, algo, epos, te_d, seed, params, acc, precision, recall, specificity, f1, auroc, binary_precision, binary_recall, binary_specificity, binary_f1_score, acc_oracle, acc_val, model_selection_epoch, experiment_duration
3, irm_dinov2_config3, mname_dset_te_center0_erm_b44271c83_not_commited_2024md_06md_28_21_02_39_seed_0_21626500, commit_b44271c83_not_commited, erm, 30, center0, 0, "{'gamma_reg': 0.001}", 0.9584532, 0.73733187, 0.6649934, 0.6649934, 0.6937803, 0.95583296, 0.5027933, 0.3448276, 0.9851592, 0.4090909, 0.9680409, 0.98499364, 27, 6:36:30.099361
3, irm_dinov2_config3, mname_dset_te_center0_erm_b44271c83_not_commited_2024md_06md_29_03_44_12_seed_1_21626500, commit_b44271c83_not_commited, erm, 30, center0, 1, "{'gamma_reg': 0.001}", 0.96100545, 0.77294743, 0.62472576, 0.62472576, 0.6681383, 0.95944107, 0.57758623, 0.2576923, 0.9917592, 0.356383, 0.9656784, 0.9808965, 18, 6:27:31.091837
3, irm_dinov2_config3, mname_dset_te_center0_erm_b44271c83_not_commited_2024md_06md_29_10_17_00_seed_2_21626500, commit_b44271c83_not_commited, erm, 30, center0, 2, "{'gamma_reg': 0.001}", 0.96281457, 0.75560933, 0.6356601, 0.6356601, 0.6752038, 0.9467547, 0.53968257, 0.28099173, 0.9903285, 0.36956525, 0.9709889, 0.9838598, 30, 6:49:25.394070
