param_index, method, mname, commit, algo, epos, te_d, seed, params, acc, precision, recall, specificity, f1, auroc, binary_precision, binary_recall, binary_specificity, binary_f1_score, acc_oracle, acc_val, model_selection_epoch, experiment_duration
0, erm_dinov2, mname_dset_te_center0_erm_b888c1ef2_not_commited_2024md_07md_20_10_25_30_seed_0_22478446, commit_b888c1ef2_not_commited, erm, 13, center0, 0, "{}", 0.8372093, 0.87229216, 0.83720934, 0.83720934, 0.83328164, 0.93806386, 0.98657715, 0.68372095, 0.9906977, 0.8076923, 0.88139534, 0.871118, 8, 0:20:10.193931
0, erm_dinov2, mname_dset_te_center0_erm_b888c1ef2_not_commited_2024md_07md_20_10_47_08_seed_1_22478446, commit_b888c1ef2_not_commited, erm, 8, center0, 1, "{}", 0.8622222, 0.8861421, 0.8622222, 0.8622222, 0.86005497, 0.9364741, 0.98224854, 0.73777777, 0.9866667, 0.8426396, 0.8622222, 0.852459, 3, 0:12:12.239412
0, erm_dinov2, mname_dset_te_center0_erm_b888c1ef2_not_commited_2024md_07md_20_11_00_42_seed_2_22478446, commit_b888c1ef2_not_commited, erm, 9, center0, 2, "{}", 0.875, 0.88051325, 0.875, 0.875, 0.8745456, 0.9371785, 0.9263158, 0.8148148, 0.9351852, 0.8669951, 0.875, 0.8599374, 4, 0:14:35.934254
