param_index, method, mname, commit, algo, epos, te_d, seed, params, acc, precision, recall, specificity, f1, auroc, binary_precision, binary_recall, binary_specificity, binary_f1_score, acc_oracle, acc_val, model_selection_epoch, experiment_duration
2, irm_dinov2_config2, mname_dset_te_center0_erm_b888c1ef2_not_commited_2024md_07md_20_03_47_32_seed_0_22478443, commit_b888c1ef2_not_commited, erm, 30, center0, 0, "{'gamma_reg': 0.0001}", 0.89302325, 0.89356816, 0.89302325, 0.89302325, 0.8929862, 0.9398377, 0.90821254, 0.8744186, 0.9116279, 0.89099526, 0.9116279, 0.88819873, 20, 0:44:31.966835
2, irm_dinov2_config2, mname_dset_te_center0_erm_b888c1ef2_not_commited_2024md_07md_20_04_33_26_seed_1_22478443, commit_b888c1ef2_not_commited, erm, 30, center0, 1, "{'gamma_reg': 0.0001}", 0.8888889, 0.8893812, 0.8888889, 0.8888889, 0.8888538, 0.94081974, 0.9032258, 0.8711111, 0.9066667, 0.88687783, 0.8888889, 0.88602656, 18, 0:44:33.185106
2, irm_dinov2_config2, mname_dset_te_center0_erm_b888c1ef2_not_commited_2024md_07md_20_05_19_21_seed_2_22478443, commit_b888c1ef2_not_commited, erm, 30, center0, 2, "{'gamma_reg': 0.0001}", 0.8194444, 0.8196911, 0.8194444, 0.8194444, 0.8194096, 0.90886486, 0.8108108, 0.8333333, 0.8055556, 0.8219178, 0.8657407, 0.86619717, 23, 0:43:48.274007
