param_index, method, mname, commit, algo, epos, te_d, seed, params, acc, precision, recall, specificity, f1, auroc, binary_precision, binary_recall, binary_specificity, binary_f1_score, acc_oracle, acc_val, model_selection_epoch, experiment_duration
0, erm_dinov2, mname_dset_te_center0_erm_b44271c83_not_commited_2024md_07md_11_18_39_47_seed_0_21898473, commit_b44271c83_not_commited, erm, 30, center0, 0, "{}", 0.8412371, 0.8426994, 0.84698534, 0.84698534, 0.8409097, 0.9107838, 0.907173, 0.7962963, 0.89767444, 0.84812623, 0.9113402, 0.9006211, 13, 8:30:10.172471
0, erm_dinov2, mname_dset_te_center0_erm_b44271c83_not_commited_2024md_07md_12_03_23_26_seed_1_21898473, commit_b44271c83_not_commited, erm, 30, center0, 1, "{}", 0.8953975, 0.8978711, 0.8982345, 0.8982345, 0.89539564, 0.93949926, 0.9471366, 0.8498024, 0.94666666, 0.8958334, 0.8953975, 0.8969555, 17, 8:30:21.755699
0, erm_dinov2, mname_dset_te_center0_erm_b44271c83_not_commited_2024md_07md_12_12_07_07_seed_2_21898473, commit_b44271c83_not_commited, erm, 24, center0, 2, "{}", 0.8905263, 0.894, 0.89615506, 0.89615506, 0.89048696, 0.94378304, 0.96, 0.8339768, 0.9583333, 0.8925619, 0.8926316, 0.899061, 4, 6:53:32.575510
