param_index, method, mname, commit, algo, epos, te_d, seed, params, acc, precision, recall, specificity, f1, auroc, binary_precision, binary_recall, binary_specificity, binary_f1_score, acc_oracle, acc_val, model_selection_epoch, experiment_duration
1, irm_dinov2_config1, mname_dset_te_center0_erm_b44271c83_not_commited_2024md_07md_11_22_40_52_seed_0_21898475, commit_b44271c83_not_commited, erm, 30, center0, 0, "{'gamma_reg': 1e-05}", 0.8453608, 0.8600652, 0.857795, 0.857795, 0.84533715, 0.9325237, 0.9665072, 0.74814814, 0.96744186, 0.8434238, 0.9030928, 0.9091615, 25, 5:12:27.320500
1, irm_dinov2_config1, mname_dset_te_center0_erm_b44271c83_not_commited_2024md_07md_12_04_04_40_seed_1_21898475, commit_b44271c83_not_commited, erm, 30, center0, 1, "{'gamma_reg': 1e-05}", 0.8263598, 0.85172653, 0.8342468, 0.8342468, 0.8250728, 0.9283619, 0.9619565, 0.69960475, 0.9688889, 0.8100686, 0.8933054, 0.90710384, 20, 5:09:09.928275
1, irm_dinov2_config1, mname_dset_te_center0_erm_b44271c83_not_commited_2024md_07md_12_09_25_29_seed_2_21898475, commit_b44271c83_not_commited, erm, 30, center0, 2, "{'gamma_reg': 1e-05}", 0.84842104, 0.8549727, 0.85523915, 0.85523915, 0.8484204, 0.9347919, 0.9308756, 0.7799228, 0.9305556, 0.8487395, 0.87789476, 0.8959311, 26, 5:08:45.109909
