param_index, method, mname, commit, algo, epos, te_d, seed, params, acc, precision, recall, specificity, f1, auroc, binary_precision, binary_recall, binary_specificity, binary_f1_score, acc_oracle, acc_val, model_selection_epoch, experiment_duration
2, irm_dinov2_config2, mname_dset_te_center0_erm_b44271c83_not_commited_2024md_07md_11_15_32_19_seed_0_21898470, commit_b44271c83_not_commited, erm, 30, center0, 0, "{'gamma_reg': 0.0001}", 0.9134021, 0.9120425, 0.9170112, 0.9170112, 0.9129487, 0.954298, 0.956, 0.8851852, 0.9488372, 0.91923076, 0.9134021, 0.91847825, 23, 5:15:29.243329
2, irm_dinov2_config2, mname_dset_te_center0_erm_b44271c83_not_commited_2024md_07md_11_21_01_07_seed_1_21898470, commit_b44271c83_not_commited, erm, 30, center0, 1, "{'gamma_reg': 0.0001}", 0.88284516, 0.88801324, 0.8866228, 0.8866228, 0.88282675, 0.93742645, 0.9497717, 0.8221344, 0.95111114, 0.88135594, 0.88284516, 0.90944576, 27, 5:09:06.950864
2, irm_dinov2_config2, mname_dset_te_center0_erm_b44271c83_not_commited_2024md_07md_12_02_23_33_seed_2_21898470, commit_b44271c83_not_commited, erm, 30, center0, 2, "{'gamma_reg': 0.0001}", 0.87789476, 0.8806398, 0.8830348, 0.8830348, 0.8778292, 0.92862505, 0.94273126, 0.82625484, 0.9398148, 0.88065845, 0.87789476, 0.8920188, 12, 5:03:56.123382
