param_index, method, mname, commit, algo, epos, te_d, seed, params, acc, precision, recall, specificity, f1, auroc, binary_precision, binary_recall, binary_specificity, binary_f1_score, acc_oracle, acc_val, model_selection_epoch, experiment_duration
4, irm_dinov2_config4, mname_dset_te_center0_erm_b44271c83_not_commited_2024md_07md_11_16_19_27_seed_0_21898471, commit_b44271c83_not_commited, erm, 30, center0, 0, "{'gamma_reg': 0.1}", 0.8804124, 0.89249754, 0.8921188, 0.8921188, 0.88041186, 0.9653574, 0.9953271, 0.7888889, 0.9953488, 0.88016534, 0.92371136, 0.91537267, 24, 5:15:29.274691
4, irm_dinov2_config4, mname_dset_te_center0_erm_b44271c83_not_commited_2024md_07md_11_21_48_13_seed_1_21898471, commit_b44271c83_not_commited, erm, 30, center0, 1, "{'gamma_reg': 0.1}", 0.8702929, 0.8753724, 0.87402725, 0.87402725, 0.8702724, 0.94262624, 0.93607306, 0.8102767, 0.93777776, 0.868644, 0.8786611, 0.9047619, 27, 5:11:38.936164
4, irm_dinov2_config4, mname_dset_te_center0_erm_b44271c83_not_commited_2024md_07md_12_03_13_16_seed_2_21898471, commit_b44271c83_not_commited, erm, 30, center0, 2, "{'gamma_reg': 0.1}", 0.88, 0.8904762, 0.88842416, 0.88842416, 0.87998086, 0.95023596, 0.9809524, 0.7953668, 0.9814815, 0.8784648, 0.8821053, 0.899061, 17, 5:13:01.321229
