param_index,method,mname,commit,algo,epos,te_d,seed,params,acc,precision,recall,specificity,f1,auroc,binary_precision,binary_recall,binary_specificity,binary_f1_score,acc_oracle,acc_val,model_selection_epoch,experiment_duration
2,irm_dinov2_config3_half,mname_2024md_08md_02_13_40_40_seed_0,commit_b44271c83_not_commited,erm,15,center0,0,{'gamma_reg': 0.001},0.9605823,0.9610291,0.96059436,0.96059436,0.96057343,0.9921831,0.9755747,0.9448819,0.9763068,0.959983,,,,
2,irm_dinov2_config3_half,mname_2024md_08md_02_20_03_44_seed_1,commit_b44271c83_not_commited,erm,10,center0,1,{'gamma_reg': 0.001},0.95109,0.95287794,0.95111406,0.95111406,0.9510435,0.9891137,0.98152536,0.91956294,0.9826652,0.9495344,,,,
2,irm_dinov2_config3_half,mname_2024md_08md_03_02_24_57_seed_2,commit_b44271c83_not_commited,erm,8,center0,2,{'gamma_reg': 0.001},0.9505523,0.95220864,0.95055854,0.95055854,0.9505074,0.9879986,0.9796283,0.92026204,0.980855,0.94901764,,,,
0,erm_dinov2_halffreeze,mname_2024md_08md_02_13_40_27_seed_0,commit_b44271c83_not_commited,erm,1,center0,0,{},0.9493724,0.95002794,0.9493865,0.9493865,0.949355,0.9856044,0.96738774,0.9301767,0.9685963,0.9484173,,,,
0,erm_dinov2_halffreeze,mname_2024md_08md_02_22_42_37_seed_1,commit_b44271c83_not_commited,erm,1,center0,1,{},0.948851,0.9504627,0.948874,0.948874,0.948807,0.9871541,0.977599,0.91883457,0.97891337,0.94730633,,,,
0,erm_dinov2_halffreeze,mname_2024md_08md_03_01_36_06_seed_2,commit_b44271c83_not_commited,erm,4,center0,2,{},0.9732437,0.97342926,0.97324574,0.97324574,0.97324115,0.99586725,0.98285395,0.9633034,0.9831881,0.97298044,,,,
1,irm_dinov2_config2_half,mname_2024md_08md_02_13_41_28_seed_0,commit_b44271c83_not_commited,erm,12,center0,0,{'gamma_reg': 0.0001},0.95575315,0.95655835,0.9557686,0.9557686,0.9557347,0.9899229,0.9759159,0.9346364,0.9769008,0.9548302,,,,
1,irm_dinov2_config2_half,mname_2024md_08md_02_20_05_06_seed_1,commit_b44271c83_not_commited,erm,12,center0,1,{'gamma_reg': 0.0001},0.9555332,0.9561672,0.9555476,0.9555476,0.9555187,0.9911079,0.97336555,0.9367673,0.9743278,0.9547158,,,,
1,irm_dinov2_config2_half,mname_2024md_08md_03_02_51_08_seed_2,commit_b44271c83_not_commited,erm,10,center0,2,{'gamma_reg': 0.0001},0.9566582,0.9575269,0.95666265,0.95666265,0.956638,0.9907534,0.9775148,0.93483776,0.9784876,0.9557001,,,,
