param_index,method,mname,commit,algo,epos,te_d,seed,params,acc,precision,recall,specificity,f1,auroc,binary_precision,binary_recall,binary_specificity,binary_f1_score,acc_oracle,acc_val,model_selection_epoch,experiment_duration
0,erm_dinov2_halffreeze,mname_2024md_08md_02_13_40_27_seed_0,commit_b44271c83_not_commited,erm,1,center0,0,{},0.8879843,0.5864561,0.7837461,0.7837461,0.61509764,0.87580466,0.18572657,0.6718507,0.8956416,0.29100707,,,,
0,erm_dinov2_halffreeze,mname_2024md_08md_02_22_42_37_seed_1,commit_b44271c83_not_commited,erm,1,center0,1,{},0.9379936,0.6391728,0.7411022,0.7411022,0.6736505,0.87551874,0.29641965,0.5289747,0.95322967,0.37993595,,,,
0,erm_dinov2_halffreeze,mname_2024md_08md_03_01_36_06_seed_2,commit_b44271c83_not_commited,erm,4,center0,2,{},0.92137647,0.61448544,0.80118525,0.80118525,0.6562351,0.887363,0.24049881,0.67275745,0.9296131,0.3543307,,,,
2,irm_dinov2_config3_half,mname_2024md_08md_02_13_40_40_seed_0,commit_b44271c83_not_commited,erm,15,center0,0,{'gamma_reg': 0.001},0.84626436,0.56948984,0.79739976,0.79739976,0.5816961,0.8774952,0.14950062,0.7449456,0.849854,0.24902521,,,,
2,irm_dinov2_config3_half,mname_2024md_08md_02_20_03_44_seed_1,commit_b44271c83_not_commited,erm,10,center0,1,{'gamma_reg': 0.001},0.9244931,0.6291675,0.79561347,0.79561347,0.67214715,0.8852725,0.2718327,0.65676075,0.9344662,0.384515,,,,
2,irm_dinov2_config3_half,mname_2024md_08md_03_02_24_57_seed_2,commit_b44271c83_not_commited,erm,8,center0,2,{'gamma_reg': 0.001},0.9325627,0.61305267,0.7330833,0.7330833,0.6476794,0.8370044,0.24263565,0.5199336,0.94623303,0.33086678,,,,
1,irm_dinov2_config2_half,mname_2024md_08md_02_13_41_28_seed_0,commit_b44271c83_not_commited,erm,12,center0,0,{'gamma_reg': 0.0001},0.86696464,0.58214724,0.8193674,0.8193674,0.60496724,0.89050645,0.17363796,0.7682737,0.87046117,0.2832569,,,,
1,irm_dinov2_config2_half,mname_2024md_08md_02_20_05_06_seed_1,commit_b44271c83_not_commited,erm,12,center0,1,{'gamma_reg': 0.0001},0.9146745,0.6218456,0.819132,0.819132,0.66516376,0.88938195,0.25502646,0.7161961,0.9220679,0.37612173,,,,
1,irm_dinov2_config2_half,mname_2024md_08md_03_02_51_08_seed_2,commit_b44271c83_not_commited,erm,10,center0,2,{'gamma_reg': 0.0001},0.9201513,0.602855,0.75879395,0.75879395,0.63888305,0.84537125,0.2202121,0.58637875,0.9312091,0.3201814,,,,
