param_index, method, mname, commit, algo, epos, te_d, seed, params, acc, precision, recall, specificity, f1, auroc, acc_oracle, acc_val
0, erm, mname_dset_te_center3_erm_b99b8035b_not_commited_2024md_05md_08_15_57_24_seed_0_20493442, commit_b99b8035b_not_commited, erm, 19, center3, 0, "{}", 0.9691784, 0.7357297, 0.5379962, 0.5379962, 0.5599939, 0.91487956, 0.9702536, 0.968643
0, erm, mname_dset_te_center4_erm_b99b8035b_not_commited_2024md_05md_08_19_41_22_seed_0_20493442, commit_b99b8035b_not_commited, erm, 20, center4, 0, "{}", 0.92396677, 0.7319603, 0.5126377, 0.5126377, 0.5060917, 0.8391509, 0.9268341, 0.98005366
0, erm, mname_dset_te_center3_erm_b99b8035b_not_commited_2024md_05md_08_23_39_29_seed_1_20493442, commit_b99b8035b_not_commited, erm, 20, center3, 1, "{}", 0.96534073, 0.68912464, 0.61907023, 0.61907023, 0.6452344, 0.9282406, 0.9702793, 0.9687782
0, erm, mname_dset_te_center4_erm_b99b8035b_not_commited_2024md_05md_09_03_00_53_seed_1_20493442, commit_b99b8035b_not_commited, erm, 20, center4, 1, "{}", 0.9057576, 0.6269008, 0.590359, 0.590359, 0.6042242, 0.8505504, 0.9285502, 0.97920924
