param_index, method, mname, commit, algo, epos, te_d, seed, params, acc, precision, recall, specificity, f1, auroc, binary_precision, binary_recall, binary_specificity, binary_f1_score, acc_oracle, acc_val, model_selection_epoch, experiment_duration
1, dial, mname_dset_te_center0_erm_b8efecac6_not_commited_2024md_07md_27_03_43_08_seed_0_23093152, commit_b8efecac6_not_commited, erm, 10, center0, 0, "{'dial_steps_perturb': 1, 'dial_noise_scale': 0.0005190263017695164, 'dial_epsilon': 0.0004006483661964396}", 0.8116279, 0.8131522, 0.81162786, 0.81162786, 0.8113984, 0.87885344, 0.79130435, 0.8465116, 0.7767442, 0.81797755, 0.8767442, 0.8152174, 5, 0:24:05.372928
1, dial, mname_dset_te_center0_erm_b8efecac6_not_commited_2024md_07md_27_04_07_49_seed_1_23093152, commit_b8efecac6_not_commited, erm, 8, center0, 1, "{'dial_steps_perturb': 1, 'dial_noise_scale': 0.0005190263017695164, 'dial_epsilon': 0.0004006483661964396}", 0.83555555, 0.8365128, 0.83555555, 0.83555555, 0.83543855, 0.9184593, 0.8544601, 0.8088889, 0.8622222, 0.8310502, 0.85555553, 0.8540203, 3, 0:19:25.582797
1, dial, mname_dset_te_center0_erm_b8efecac6_not_commited_2024md_07md_27_04_27_49_seed_2_23093152, commit_b8efecac6_not_commited, erm, 21, center0, 2, "{'dial_steps_perturb': 1, 'dial_noise_scale': 0.0005190263017695164, 'dial_epsilon': 0.0004006483661964396}", 0.8472222, 0.8491379, 0.8472222, 0.8472222, 0.8470124, 0.9270619, 0.875, 0.8101852, 0.8842593, 0.84134614, 0.8842593, 0.8685446, 16, 0:51:05.173190
