param_index, method, mname, commit, algo, epos, te_d, seed, params, acc, precision, recall, specificity, f1, auroc, binary_precision, binary_recall, binary_specificity, binary_f1_score, acc_oracle, acc_val, model_selection_epoch, experiment_duration
4, dial, mname_dset_te_center0_erm_b8efecac6_not_commited_2024md_07md_27_04_12_11_seed_0_23093154, commit_b8efecac6_not_commited, erm, 10, center0, 0, "{'dial_steps_perturb': 1, 'dial_noise_scale': 0.0006190490166774183, 'dial_epsilon': 0.0003379830492141338}", 0.90697676, 0.9130168, 0.9069767, 0.9069767, 0.9066354, 0.9468037, 0.962963, 0.8465116, 0.96744186, 0.90099007, 0.90697676, 0.8781056, 5, 0:29:39.189369
4, dial, mname_dset_te_center0_erm_b8efecac6_not_commited_2024md_07md_27_04_42_22_seed_1_23093154, commit_b8efecac6_not_commited, erm, 9, center0, 1, "{'dial_steps_perturb': 1, 'dial_noise_scale': 0.0006190490166774183, 'dial_epsilon': 0.0003379830492141338}", 0.81777775, 0.85632014, 0.81777775, 0.81777775, 0.81271315, 0.92616296, 0.9735099, 0.6533333, 0.9822222, 0.7819149, 0.84444445, 0.8797814, 4, 0:26:22.407188
4, dial, mname_dset_te_center0_erm_b8efecac6_not_commited_2024md_07md_27_05_09_13_seed_2_23093154, commit_b8efecac6_not_commited, erm, 6, center0, 2, "{'dial_steps_perturb': 1, 'dial_noise_scale': 0.0006190490166774183, 'dial_epsilon': 0.0003379830492141338}", 0.8703704, 0.8704021, 0.8703704, 0.8703704, 0.87036765, 0.93261313, 0.87383175, 0.8657407, 0.875, 0.8697674, 0.8703704, 0.8380282, 1, 0:17:28.794943
