param_index, method, mname, commit, algo, epos, te_d, seed, params, acc, precision, recall, specificity, f1, auroc, binary_precision, binary_recall, binary_specificity, binary_f1_score, acc_oracle, acc_val, model_selection_epoch, experiment_duration
5, dial, mname_dset_te_center0_erm_b8efecac6_not_commited_2024md_07md_27_03_41_16_seed_0_23093151, commit_b8efecac6_not_commited, erm, 17, center0, 0, "{'dial_steps_perturb': 1, 'dial_noise_scale': 0.0008425518534432109, 'dial_epsilon': 0.00011777037507521708}", 0.8697674, 0.87443316, 0.8697674, 0.8697674, 0.86936045, 0.92616546, 0.9162304, 0.81395346, 0.9255814, 0.86206895, 0.8697674, 0.8781056, 12, 0:41:11.695403
5, dial, mname_dset_te_center0_erm_b8efecac6_not_commited_2024md_07md_27_04_23_05_seed_1_23093151, commit_b8efecac6_not_commited, erm, 12, center0, 1, "{'dial_steps_perturb': 1, 'dial_noise_scale': 0.0008425518534432109, 'dial_epsilon': 0.00011777037507521708}", 0.8622222, 0.86792, 0.8622222, 0.8622222, 0.86168677, 0.9200642, 0.9137056, 0.8, 0.92444444, 0.85308063, 0.8933333, 0.8790008, 7, 0:29:03.737226
5, dial, mname_dset_te_center0_erm_b8efecac6_not_commited_2024md_07md_27_04_52_44_seed_2_23093151, commit_b8efecac6_not_commited, erm, 9, center0, 2, "{'dial_steps_perturb': 1, 'dial_noise_scale': 0.0008425518534432109, 'dial_epsilon': 0.00011777037507521708}", 0.8217593, 0.82944894, 0.8217592, 0.8217592, 0.82071304, 0.90534973, 0.8797814, 0.7453704, 0.8981481, 0.80701756, 0.8472222, 0.86306727, 4, 0:21:43.293132
