param_index, method, mname, commit, algo, epos, te_d, seed, params, acc, precision, recall, specificity, f1, auroc, binary_precision, binary_recall, binary_specificity, binary_f1_score, acc_oracle, acc_val, model_selection_epoch, experiment_duration
1, erm_densenet, mname_2024md_07md_27_13_50_22_seed_0, commit_b44271c83_not_commited, erm, 1, center0, 0, "{}", 0.8652025, 0.872422, 0.8651226, 0.8651226, 0.8645277, 0.9528111, 0.8208557, 0.9347051, 0.79554015, 0.87408876, , , , 
1, erm_densenet, mname_2024md_07md_27_13_50_22_seed_0, commit_b44271c83_not_commited, erm, 2, center0, 0, "{}", 0.91833544, 0.919013, 0.91835904, 0.91835904, 0.9183054, 0.9689618, 0.93615645, 0.8981097, 0.9386084, 0.9167384, , , , 
1, erm_densenet, mname_2024md_07md_27_13_50_22_seed_0, commit_b44271c83_not_commited, erm, 3, center0, 0, "{}", 0.93010205, 0.93038666, 0.93008685, 0.93008685, 0.9300887, 0.9820777, 0.91961414, 0.94278204, 0.91739166, 0.93105394, , , , 
1, erm_densenet, mname_2024md_07md_27_13_50_22_seed_0, commit_b44271c83_not_commited, erm, 4, center0, 0, "{}", 0.93074775, 0.93205345, 0.9307177, 0.9307177, 0.930692, 0.985281, 0.908576, 0.95804995, 0.9033854, 0.93265736, , , , 
1, erm_densenet, mname_2024md_07md_27_13_50_22_seed_0, commit_b44271c83_not_commited, erm, 5, center0, 0, "{}", 0.93271685, 0.9331083, 0.932735, 0.932735, 0.9327035, 0.9814279, 0.94643295, 0.9175253, 0.94794476, 0.931755, , , , 
