param_index, method, mname, commit, algo, epos, te_d, seed, params, acc, precision, recall, specificity, f1, auroc, binary_precision, binary_recall, binary_specificity, binary_f1_score, acc_oracle, acc_val, model_selection_epoch, experiment_duration
2, irm_dinov2_config2, mname_dset_te_center0_erm_b44271c83_not_commited_2024md_05md_25_10_22_29_seed_0_20840079, commit_b44271c83_not_commited, erm, 30, center0, 0, "{'gamma_reg': 0.0005}", 0.96164906, 0.7978163, 0.5951999, 0.5951999, 0.6392657, 0.95256567, 0.6296296, 0.1954023, 0.9949975, 0.2982456, 0.9697987, 0.9889315, 15, 13:30:29.222037
3, irm_dinov2_config3, mname_dset_te_center0_erm_b44271c83_not_commited_2024md_05md_25_10_30_56_seed_0_20840080, commit_b44271c83_not_commited, erm, 30, center0, 0, "{'gamma_reg': 0.001}", 0.959412, 0.7757369, 0.5427273, 0.5427273, 0.5662705, 0.9278611, 0.5897436, 0.08812261, 0.997332, 0.15333334, 0.97299457, 0.9890911, 28, 13:57:06.818159
0, erm_dinov2, mname_dset_te_center0_erm_b44271c83_not_commited_2024md_05md_25_16_43_25_seed_0_20840081, commit_b44271c83_not_commited, erm, 30, center0, 0, "{}", 0.96260786, 0.8207557, 0.5975325, 0.5975325, 0.64423865, 0.91302884, 0.6753247, 0.19923371, 0.99583125, 0.3076923, 0.9699584, 0.9870157, 26, 14:50:39.360981
1, irm_dinov2_config1, mname_dset_te_center0_erm_b44271c83_not_commited_2024md_05md_25_10_22_18_seed_0_20840078, commit_b44271c83_not_commited, erm, 30, center0, 0, "{'gamma_reg': 0.0001}", 0.9643656, 0.8131198, 0.64975494, 0.64975494, 0.6996875, 0.9438963, 0.6557377, 0.3065134, 0.9929965, 0.41775456, 0.9653244, 0.9874947, 24, 13:30:42.989468
