param_index, method, mname, commit, algo, epos, te_d, seed, params, acc, precision, recall, specificity, f1, auroc, binary_precision, binary_recall, binary_specificity, binary_f1_score, acc_oracle, acc_val, model_selection_epoch, experiment_duration
0, erm_resnet_bs16, mname_dset_te_center0_erm_b44271c83_not_commited_2024md_06md_21_11_23_15_seed_0_21520750, commit_b44271c83_not_commited, erm, 28, center0, 0, "{}", 0.96212846, 0.80466473, 0.600947, 0.600947, 0.6467855, 0.76541257, 0.64285713, 0.20689656, 0.9949975, 0.3130435, 0.9680409, 0.967433, 8, 8:00:50.056677
0, erm_resnet_bs16, mname_dset_te_center0_erm_b44271c83_not_commited_2024md_06md_21_19_30_53_seed_1_21520750, commit_b44271c83_not_commited, erm, 30, center0, 1, "{}", 0.96471155, 0.8288653, 0.6413717, 0.6413717, 0.6941596, 0.83684504, 0.6880734, 0.28846154, 0.9942819, 0.40650403, 0.96825653, 0.9667556, 22, 8:05:04.663025
0, erm_resnet_bs16, mname_dset_te_center0_erm_b44271c83_not_commited_2024md_06md_22_03_42_02_seed_2_21520750, commit_b44271c83_not_commited, erm, 27, center0, 2, "{}", 0.96650106, 0.8144697, 0.63956046, 0.63956046, 0.69023293, 0.78892064, 0.6571429, 0.28512397, 0.993997, 0.39769453, 0.96970665, 0.9685186, 7, 9:31:36.320467
