param_index, method, mname, commit, algo, epos, te_d, seed, params, acc, precision, recall, specificity, f1, auroc, binary_precision, binary_recall, binary_specificity, binary_f1_score, acc_oracle, acc_val, model_selection_epoch, experiment_duration
1, erm_resnet_bs32, mname_dset_te_center0_erm_b44271c83_not_commited_2024md_06md_21_11_23_14_seed_0_21520751, commit_b44271c83_not_commited, erm, 30, center0, 0, "{}", 0.96324706, 0.81551534, 0.61802167, 0.61802167, 0.6675091, 0.81476414, 0.6631579, 0.2413793, 0.994664, 0.3539326, 0.9650048, 0.96780545, 30, 8:06:40.050650
1, erm_resnet_bs32, mname_dset_te_center0_erm_b44271c83_not_commited_2024md_06md_21_19_36_20_seed_1_21520751, commit_b44271c83_not_commited, erm, 30, center0, 1, "{}", 0.9650338, 0.83530086, 0.6415399, 0.6415399, 0.69535184, 0.82919043, 0.7009346, 0.28846154, 0.99461824, 0.40871936, 0.96761197, 0.9667022, 30, 6:33:19.269400
1, erm_resnet_bs32, mname_dset_te_center0_erm_b44271c83_not_commited_2024md_06md_22_02_14_09_seed_2_21520751, commit_b44271c83_not_commited, erm, 30, center0, 2, "{}", 0.9681039, 0.84907913, 0.6403942, 0.6403942, 0.6965524, 0.8076607, 0.7263158, 0.28512397, 0.9956645, 0.40949556, 0.96970665, 0.9687849, 26, 9:07:12.265715
