param_index, method, mname, commit, algo, epos, te_d, seed, params, acc, precision, recall, specificity, f1, auroc, binary_precision, binary_recall, binary_specificity, binary_f1_score, acc_oracle, acc_val, model_selection_epoch, experiment_duration
2, erm_resnet_bs64, mname_dset_te_center0_erm_b44271c83_not_commited_2024md_06md_21_11_23_15_seed_0_21520748, commit_b44271c83_not_commited, erm, 30, center0, 0, "{}", 0.9650048, 0.84839904, 0.62626815, 0.62626815, 0.680799, 0.8034967, 0.7282609, 0.256705, 0.99583125, 0.3796034, 0.9653244, 0.96722007, 25, 7:42:12.837802
2, erm_resnet_bs64, mname_dset_te_center0_erm_b44271c83_not_commited_2024md_06md_21_19_11_25_seed_1_21520748, commit_b44271c83_not_commited, erm, 30, center0, 1, "{}", 0.9626168, 0.83280635, 0.59246486, 0.59246486, 0.6388838, 0.78330064, 0.7, 0.18846154, 0.9964682, 0.2969697, 0.9663229, 0.96611524, 18, 6:47:10.012333
2, erm_resnet_bs64, mname_dset_te_center0_erm_b44271c83_not_commited_2024md_06md_22_02_04_24_seed_2_21520748, commit_b44271c83_not_commited, erm, 30, center0, 2, "{}", 0.9645777, 0.81714165, 0.58502597, 0.58502597, 0.6286275, 0.75588346, 0.6666667, 0.17355372, 0.9964982, 0.27540985, 0.96890527, 0.968998, 15, 9:20:25.993087
