param_index, method, mname, commit, algo, epos, te_d, seed, params, acc, precision, recall, specificity, f1, auroc, binary_precision, binary_recall, binary_specificity, binary_f1_score, acc_oracle, acc_val, model_selection_epoch, experiment_duration
3, erm_resnet_bs128, mname_dset_te_center0_erm_b44271c83_not_commited_2024md_06md_21_11_23_14_seed_0_21520752, commit_b44271c83_not_commited, erm, 30, center0, 0, "{}", 0.9613295, 0.8032893, 0.5803745, 0.5803745, 0.62116975, 0.7625531, 0.64179105, 0.16475096, 0.995998, 0.2621951, 0.9614893, 0.9671669, 30, 6:57:58.217751
3, erm_resnet_bs128, mname_dset_te_center0_erm_b44271c83_not_commited_2024md_06md_21_18_25_40_seed_1_21520752, commit_b44271c83_not_commited, erm, 30, center0, 1, "{}", 0.96165, 0.8238502, 0.57724845, 0.57724845, 0.6182838, 0.77764434, 0.68333334, 0.15769231, 0.9968046, 0.25625, 0.9618111, 0.9659018, 28, 5:28:13.456705
3, erm_resnet_bs128, mname_dset_te_center0_erm_b44271c83_not_commited_2024md_06md_21_23_58_15_seed_2_21520752, commit_b44271c83_not_commited, erm, 30, center0, 2, "{}", 0.9650585, 0.8534384, 0.5753624, 0.5753624, 0.61776763, 0.7389954, 0.74, 0.15289256, 0.99783224, 0.25342464, 0.9674627, 0.9692644, 23, 5:07:09.780347
