param_index, method, mname, commit, algo, epos, te_d, seed, params, acc, precision, recall, specificity, f1, auroc, binary_precision, binary_recall, binary_specificity, binary_f1_score, acc_oracle, acc_val, model_selection_epoch, experiment_duration
0, erm_dinov2, mname_dset_te_center0_erm_b8efecac6_not_commited_2024md_08md_01_19_49_42_seed_0_23919989, commit_b8efecac6_not_commited, erm, 4, center0, 0, "{}", 0.9197827, 0.65133345, 0.85003805, 0.85003805, 0.70133877, 0.91457224, 0.3131783, 0.77394634, 0.92612976, 0.44591615, 0.9197827, 0.92118984, 1, 1:42:50.573960
0, erm_dinov2, mname_dset_te_center0_erm_b8efecac6_not_commited_2024md_08md_01_21_40_10_seed_1_23919989, commit_b8efecac6_not_commited, erm, 5, center0, 1, "{}", 0.91475993, 0.6493401, 0.8709229, 0.8709229, 0.70052516, 0.9337498, 0.30703014, 0.8230769, 0.91876894, 0.44723094, 0.9344183, 0.93313766, 2, 2:08:56.700228
0, erm_dinov2, mname_dset_te_center0_erm_b8efecac6_not_commited_2024md_08md_01_23_56_54_seed_2_23919989, commit_b8efecac6_not_commited, erm, 4, center0, 2, "{}", 0.91713417, 0.6262355, 0.79034495, 0.79034495, 0.6674775, 0.87475693, 0.2673435, 0.6528926, 0.92779726, 0.37935174, 0.92258376, 0.94177806, 1, 1:45:51.989944
