param_index, method, mname, commit, algo, epos, te_d, seed, params, acc, precision, recall, specificity, f1, auroc, binary_precision, binary_recall, binary_specificity, binary_f1_score, acc_oracle, acc_val, model_selection_epoch, experiment_duration
11, dial_dinov2, mname_dset_te_center0_erm_b8efecac6_not_commited_2024md_08md_01_05_54_30_seed_0_23919980, commit_b8efecac6_not_commited, erm, 10, center0, 0, "{'dial_steps_perturb': 1, 'dial_noise_scale': 0.00016232393459116284, 'dial_epsilon': 0.00013456319729640453}", 0.9504634, 0.7121951, 0.8184054, 0.8184054, 0.7527853, 0.9026414, 0.43890274, 0.6743295, 0.96248126, 0.53172207, 0.9504634, 0.9371009, 7, 7:37:55.402623
11, dial_dinov2, mname_dset_te_center0_erm_b8efecac6_not_commited_2024md_08md_01_13_43_08_seed_1_23919980, commit_b8efecac6_not_commited, erm, 4, center0, 1, "{'dial_steps_perturb': 1, 'dial_noise_scale': 0.00016232393459116284, 'dial_epsilon': 0.00013456319729640453}", 0.9273284, 0.6616656, 0.8407022, 0.8407022, 0.71174264, 0.91916287, 0.33506045, 0.74615383, 0.9352506, 0.4624553, 0.9273284, 0.9304162, 1, 3:00:35.614177
11, dial_dinov2, mname_dset_te_center0_erm_b8efecac6_not_commited_2024md_08md_01_16_54_23_seed_2_23919980, commit_b8efecac6_not_commited, erm, 6, center0, 2, "{'dial_steps_perturb': 1, 'dial_noise_scale': 0.00016232393459116284, 'dial_epsilon': 0.00013456319729640453}", 0.911364, 0.6311244, 0.8428601, 0.8428601, 0.67714787, 0.9126712, 0.27232796, 0.76859504, 0.9171252, 0.40216216, 0.91601217, 0.94279015, 3, 4:31:30.856889
