param_index, method, mname, commit, algo, epos, te_d, seed, params, acc, precision, recall, specificity, f1, auroc, binary_precision, binary_recall, binary_specificity, binary_f1_score, acc_oracle, acc_val, model_selection_epoch, experiment_duration
12, dial_dinov2, mname_dset_te_center0_erm_b8efecac6_not_commited_2024md_08md_01_09_46_34_seed_0_23919983, commit_b8efecac6_not_commited, erm, 7, center0, 0, "{'dial_steps_perturb': 1, 'dial_noise_scale': 0.00023105255265581118, 'dial_epsilon': 0.0003717036026537112}", 0.9146692, 0.64351547, 0.8455377, 0.8455377, 0.69168663, 0.91825986, 0.29777777, 0.77011496, 0.9209605, 0.42948717, 0.9303292, 0.93002343, 4, 5:22:09.311831
12, dial_dinov2, mname_dset_te_center0_erm_b8efecac6_not_commited_2024md_08md_01_15_19_33_seed_1_23919983, commit_b8efecac6_not_commited, erm, 5, center0, 1, "{'dial_steps_perturb': 1, 'dial_noise_scale': 0.00023105255265581118, 'dial_epsilon': 0.0003717036026537112}", 0.9442475, 0.6969086, 0.8366588, 0.8366588, 0.7449258, 0.9270382, 0.40652174, 0.7192308, 0.9540868, 0.51944447, 0.9466645, 0.93884736, 2, 3:44:38.542663
12, dial_dinov2, mname_dset_te_center0_erm_b8efecac6_not_commited_2024md_08md_01_19_14_34_seed_2_23919983, commit_b8efecac6_not_commited, erm, 4, center0, 2, "{'dial_steps_perturb': 1, 'dial_noise_scale': 0.00023105255265581118, 'dial_epsilon': 0.0003717036026537112}", 0.9283539, 0.6419376, 0.78626746, 0.78626746, 0.6841254, 0.8786542, 0.2994129, 0.6322314, 0.9403035, 0.40637448, 0.93476516, 0.9443349, 1, 3:00:19.553505
