param_index, method, mname, commit, algo, epos, te_d, seed, params, acc, precision, recall, specificity, f1, auroc, binary_precision, binary_recall, binary_specificity, binary_f1_score, acc_oracle, acc_val, model_selection_epoch, experiment_duration
14, dial_dinov2, mname_dset_te_center0_erm_b8efecac6_not_commited_2024md_08md_01_17_01_15_seed_0_23919988, commit_b8efecac6_not_commited, erm, 4, center0, 0, "{'dial_steps_perturb': 1, 'dial_noise_scale': 0.00014498047486180484, 'dial_epsilon': 0.0004498920568462261}", 0.9044423, 0.6329134, 0.8511957, 0.8511957, 0.67855453, 0.91464317, 0.2756325, 0.79310346, 0.909288, 0.4090909, 0.9044423, 0.90868455, 1, 2:14:31.565034
14, dial_dinov2, mname_dset_te_center0_erm_b8efecac6_not_commited_2024md_08md_01_19_22_55_seed_1_23919988, commit_b8efecac6_not_commited, erm, 6, center0, 1, "{'dial_steps_perturb': 1, 'dial_noise_scale': 0.00014498047486180484, 'dial_epsilon': 0.0004498920568462261}", 0.9318402, 0.6716123, 0.85041267, 0.85041267, 0.72351444, 0.9273345, 0.35420394, 0.76153845, 0.9392869, 0.48351648, 0.94166934, 0.9350053, 3, 3:20:44.231022
14, dial_dinov2, mname_dset_te_center0_erm_b8efecac6_not_commited_2024md_08md_01_22_50_50_seed_2_23919988, commit_b8efecac6_not_commited, erm, 5, center0, 2, "{'dial_steps_perturb': 1, 'dial_noise_scale': 0.00014498047486180484, 'dial_epsilon': 0.0004498920568462261}", 0.9342843, 0.66346055, 0.83495533, 0.83495533, 0.7134737, 0.91055787, 0.33846155, 0.72727275, 0.942638, 0.4619423, 0.9342843, 0.94252384, 2, 2:47:14.318145
