param_index, method, mname, commit, algo, epos, te_d, seed, params, acc, precision, recall, specificity, f1, auroc, binary_precision, binary_recall, binary_specificity, binary_f1_score, acc_oracle, acc_val, model_selection_epoch, experiment_duration
15, dial_dinov2, mname_dset_te_center0_erm_b8efecac6_not_commited_2024md_08md_01_21_37_37_seed_0_23919991, commit_b8efecac6_not_commited, erm, 9, center0, 0, "{'dial_steps_perturb': 1, 'dial_noise_scale': 0.00029262455944124415, 'dial_epsilon': 0.00017556000801557711}", 0.9448706, 0.69073284, 0.79349923, 0.79349923, 0.7291194, 0.9054377, 0.39805827, 0.62835246, 0.958646, 0.48736998, 0.9448706, 0.9441252, 6, 6:53:48.516475
15, dial_dinov2, mname_dset_te_center0_erm_b8efecac6_not_commited_2024md_08md_02_04_42_32_seed_1_23919991, commit_b8efecac6_not_commited, erm, 4, center0, 1, "{'dial_steps_perturb': 1, 'dial_noise_scale': 0.00029262455944124415, 'dial_epsilon': 0.00017556000801557711}", 0.94102484, 0.6841543, 0.81107014, 0.81107014, 0.72805375, 0.9153759, 0.38325992, 0.66923076, 0.9529095, 0.48739496, 0.94102484, 0.9294557, 1, 2:50:15.030869
15, dial_dinov2, mname_dset_te_center0_erm_b8efecac6_not_commited_2024md_08md_02_07_42_41_seed_2_23919991, commit_b8efecac6_not_commited, erm, 5, center0, 2, "{'dial_steps_perturb': 1, 'dial_noise_scale': 0.00029262455944124415, 'dial_epsilon': 0.00017556000801557711}", 0.918737, 0.6371896, 0.82885075, 0.82885075, 0.6837535, 0.9037212, 0.28594506, 0.73140496, 0.9262965, 0.41114983, 0.9336432, 0.94081926, 2, 3:34:41.997967
