param_index,method,mname,commit,algo,epos,te_d,seed,params,acc,precision,recall,specificity,f1,auroc,binary_precision,binary_recall,binary_specificity,binary_f1_score,acc_oracle,acc_val,model_selection_epoch,experiment_duration
0,dann_dinov2_config1,mname_2024md_06md_26_04_58_18_seed_0,commit_b44271c83_not_commited,dann,15,center0,0,{'gamma_reg': 1e-05},0.96740174,0.8186683,0.7191354,0.7191354,0.7586782,0.9212103,0.66101694,0.44827586,0.989995,0.53424656,,,,
0,dann_dinov2_config1,mname_2024md_06md_26_16_23_42_seed_1,commit_b44271c83_not_commited,dann,18,center0,1,{'gamma_reg': 1e-05},0.96374476,0.7909483,0.6831639,0.6831639,0.7233971,0.9112797,0.6086956,0.37692308,0.9894046,0.4655582,,,,
0,dann_dinov2_config1,mname_2024md_06md_27_01_57_22_seed_2,commit_b44271c83_not_commited,dann,7,center0,2,{'gamma_reg': 1e-05},0.9642571,0.77258897,0.65028965,0.65028965,0.69186133,0.8842789,0.57251906,0.30991736,0.990662,0.4021448,,,,
1,dann_dinov2_config2,mname_2024md_06md_26_06_22_14_seed_0,commit_b44271c83_not_commited,dann,15,center0,0,{'gamma_reg': 0.0001},0.96724194,0.82598466,0.7007287,0.7007287,0.74689674,0.9200181,0.6772152,0.4099617,0.9914957,0.51073986,,,,
1,dann_dinov2_config2,mname_2024md_06md_26_17_46_12_seed_1,commit_b44271c83_not_commited,dann,14,center0,1,{'gamma_reg': 0.0001},0.96406704,0.7917306,0.692527,0.692527,0.73078835,0.9139308,0.60946745,0.39615384,0.9889001,0.48018646,,,,
1,dann_dinov2_config2,mname_2024md_06md_27_03_07_35_seed_2,commit_b44271c83_not_commited,dann,26,center0,2,{'gamma_reg': 0.0001},0.96650106,0.7836101,0.7188701,0.7188701,0.7465978,0.9027439,0.5891892,0.45041323,0.987327,0.51053864,,,,
