param_index,method,mname,commit,algo,epos,te_d,seed,params,acc,precision,recall,specificity,f1,auroc,binary_precision,binary_recall,binary_specificity,binary_f1_score,acc_oracle,acc_val,model_selection_epoch,experiment_duration
1,dann_dinov2_config2,mname_2024md_06md_26_06_22_14_seed_0,commit_b44271c83_not_commited,dann,15,center0,0,{'gamma_reg': 0.0001},0.9616326,0.6861982,0.61335963,0.61335963,0.63979805,0.88778365,0.39896372,0.23950233,0.98721695,0.2993197,,,,
1,dann_dinov2_config2,mname_2024md_06md_26_17_46_12_seed_1,commit_b44271c83_not_commited,dann,14,center0,1,{'gamma_reg': 0.0001},0.96211314,0.7146376,0.6348768,0.6348768,0.6645565,0.89329517,0.4556355,0.28231797,0.98743564,0.34862384,,,,
1,dann_dinov2_config2,mname_2024md_06md_27_03_07_35_seed_2,commit_b44271c83_not_commited,dann,26,center0,2,{'gamma_reg': 0.0001},0.9640441,0.68936056,0.62005466,0.62005466,0.64603084,0.89613116,0.403183,0.25249168,0.9876176,0.31052095,,,,
0,dann_dinov2_config1,mname_2024md_06md_26_04_58_18_seed_0,commit_b44271c83_not_commited,dann,15,center0,0,{'gamma_reg': 1e-05},0.96136653,0.68481064,0.6162221,0.6162221,0.6416977,0.8878664,0.39598998,0.24572317,0.98672104,0.30326295,,,,
0,dann_dinov2_config1,mname_2024md_06md_26_16_23_42_seed_1,commit_b44271c83_not_commited,dann,18,center0,1,{'gamma_reg': 1e-05},0.9615795,0.70461506,0.61528784,0.61528784,0.64595085,0.8922515,0.43699732,0.24219911,0.9883766,0.31166348,,,,
0,dann_dinov2_config1,mname_2024md_06md_27_01_57_22_seed_2,commit_b44271c83_not_commited,dann,7,center0,2,{'gamma_reg': 1e-05},0.96585524,0.7041231,0.60171705,0.60171705,0.63395274,0.8666389,0.4338983,0.21262458,0.99080956,0.28539574,,,,
