param_index,method,mname,commit,algo,epos,te_d,seed,params,acc,precision,recall,specificity,f1,auroc,binary_precision,binary_recall,binary_specificity,binary_f1_score,acc_oracle,acc_val,model_selection_epoch,experiment_duration
1,dann_dinov2_config2,mname_2024md_06md_26_06_22_14_seed_0,commit_b44271c83_not_commited,dann,15,center0,0,{'gamma_reg': 0.0001},0.9556276,0.9601511,0.9230729,0.9230729,0.9396829,0.98587394,0.96846396,0.855832,0.99031377,0.90867096,,,,
1,dann_dinov2_config2,mname_2024md_06md_26_17_46_12_seed_1,commit_b44271c83_not_commited,dann,14,center0,1,{'gamma_reg': 0.0001},0.9539872,0.9592812,0.91832113,0.91832113,0.93650484,0.9877517,0.96878725,0.84590846,0.99073374,0.9031876,,,,
1,dann_dinov2_config2,mname_2024md_06md_27_03_07_35_seed_2,commit_b44271c83_not_commited,dann,26,center0,2,{'gamma_reg': 0.0001},0.9614032,0.9684954,0.9319107,0.9319107,0.94830763,0.9893936,0.981791,0.8695882,0.9942332,0.9222896,,,,
0,dann_dinov2_config1,mname_2024md_06md_26_04_58_18_seed_0,commit_b44271c83_not_commited,dann,15,center0,0,{'gamma_reg': 1e-05},0.9549614,0.95920753,0.922222,0.922222,0.93878925,0.9853349,0.9670127,0.85458004,0.98986393,0.9073265,,,,
0,dann_dinov2_config1,mname_2024md_06md_26_16_23_42_seed_1,commit_b44271c83_not_commited,dann,18,center0,1,{'gamma_reg': 1e-05},0.956345,0.9629729,0.9211899,0.9211899,0.9397186,0.9897901,0.9748568,0.8498301,0.9925498,0.9080601,,,,
0,dann_dinov2_config1,mname_2024md_06md_27_01_57_22_seed_2,commit_b44271c83_not_commited,dann,7,center0,2,{'gamma_reg': 1e-05},0.941539,0.9532027,0.89593613,0.89593613,0.9198303,0.97523725,0.97375625,0.79957694,0.9922953,0.87811255,,,,
