param_index, method, mname, commit, algo, epos, te_d, seed, params, acc, precision, recall, specificity, f1, auroc, binary_precision, binary_recall, binary_specificity, binary_f1_score, acc_oracle, acc_val, model_selection_epoch, experiment_duration
0, erm_resnet_bs16, mname_dset_te_center0_erm_b44271c83_not_commited_2024md_06md_21_11_23_14_seed_0_21520820, commit_b44271c83_not_commited, erm, 30, center0, 0, "{}", 0.9592522, 0.75396514, 0.5682966, 0.5682966, 0.602, 0.818831, 0.5441176, 0.14176245, 0.9948307, 0.22492403, 0.9643656, 0.9675926, 10, 6:57:43.300559
0, erm_resnet_bs16, mname_dset_te_center0_erm_b44271c83_not_commited_2024md_06md_21_18_25_38_seed_1_21520820, commit_b44271c83_not_commited, erm, 30, center0, 1, "{}", 0.95520467, 0.68607247, 0.57204586, 0.57204586, 0.6002004, 0.83223516, 0.40816328, 0.15384616, 0.9902455, 0.22346368, 0.96777314, 0.966809, 14, 5:30:37.965553
0, erm_resnet_bs16, mname_dset_te_center0_erm_b44271c83_not_commited_2024md_06md_22_00_00_17_seed_2_21520820, commit_b44271c83_not_commited, erm, 22, center0, 2, "{}", 0.9681039, 0.84059775, 0.6483252, 0.6483252, 0.70339346, 0.7973604, 0.70873785, 0.30165288, 0.9949975, 0.4231884, 0.9681039, 0.9693176, 2, 3:48:36.940040
