param_index, method, mname, commit, algo, epos, te_d, seed, params, acc, precision, recall, specificity, f1, auroc, binary_precision, binary_recall, binary_specificity, binary_f1_score, acc_oracle, acc_val, model_selection_epoch, experiment_duration
1, erm_resnet_bs32, mname_dset_te_center0_erm_b44271c83_not_commited_2024md_06md_21_11_23_14_seed_0_21520821, commit_b44271c83_not_commited, erm, 30, center0, 0, "{}", 0.9547779, 0.6284028, 0.5274831, 0.5274831, 0.53919625, 0.7972861, 0.2962963, 0.06130268, 0.9936635, 0.101587296, 0.9646852, 0.96796507, 23, 6:52:20.156982
1, erm_resnet_bs32, mname_dset_te_center0_erm_b44271c83_not_commited_2024md_06md_21_18_20_15_seed_1_21520821, commit_b44271c83_not_commited, erm, 28, center0, 1, "{}", 0.9614889, 0.793512, 0.6010712, 0.6010712, 0.6457149, 0.83356345, 0.62068963, 0.20769231, 0.99445003, 0.31123918, 0.96648407, 0.96766275, 8, 4:54:12.312353
1, erm_resnet_bs32, mname_dset_te_center0_erm_b44271c83_not_commited_2024md_06md_21_23_18_59_seed_2_21520821, commit_b44271c83_not_commited, erm, 29, center0, 2, "{}", 0.9620131, 0.749589, 0.583692, 0.583692, 0.62109363, 0.8032768, 0.5316456, 0.17355372, 0.99383026, 0.26168224, 0.96650106, 0.9695307, 9, 4:39:42.985447
