param_index, method, mname, commit, algo, epos, te_d, seed, params, acc, precision, recall, specificity, f1, auroc, binary_precision, binary_recall, binary_specificity, binary_f1_score, acc_oracle, acc_val, model_selection_epoch, experiment_duration
2, erm_resnet_bs64, mname_dset_te_center0_erm_b44271c83_not_commited_2024md_06md_21_11_23_14_seed_0_21520818, commit_b44271c83_not_commited, erm, 26, center0, 0, "{}", 0.96340686, 0.8126744, 0.6254344, 0.6254344, 0.67515147, 0.8101624, 0.65686274, 0.256705, 0.99416375, 0.36914602, 0.96340686, 0.9671669, 6, 6:19:46.281029
2, erm_resnet_bs64, mname_dset_te_center0_erm_b44271c83_not_commited_2024md_06md_21_17_49_00_seed_1_21520818, commit_b44271c83_not_commited, erm, 30, center0, 1, "{}", 0.9584273, 0.738655, 0.5700497, 0.5700497, 0.6030919, 0.8210614, 0.5135135, 0.14615385, 0.99394554, 0.22754492, 0.9655172, 0.9676094, 20, 6:04:49.909527
2, erm_resnet_bs64, mname_dset_te_center0_erm_b44271c83_not_commited_2024md_06md_21_23_58_15_seed_2_21520818, commit_b44271c83_not_commited, erm, 28, center0, 2, "{}", 0.9639365, 0.7972306, 0.5846925, 0.5846925, 0.6266775, 0.8065982, 0.6268657, 0.17355372, 0.99583125, 0.27184466, 0.96842444, 0.9694774, 8, 5:18:43.645495
