param_index, method, mname, commit, algo, epos, te_d, seed, params, acc, precision, recall, specificity, f1, auroc, binary_precision, binary_recall, binary_specificity, binary_f1_score, acc_oracle, acc_val, model_selection_epoch, experiment_duration
3, erm_resnet_bs128, mname_dset_te_center0_erm_b44271c83_not_commited_2024md_06md_21_11_23_14_seed_0_21520822, commit_b44271c83_not_commited, erm, 28, center0, 0, "{}", 0.96196866, 0.81154805, 0.5898696, 0.5898696, 0.6339441, 0.7807237, 0.65753424, 0.18390805, 0.99583125, 0.28742516, 0.9638862, 0.9671669, 8, 6:26:20.661832
3, erm_resnet_bs128, mname_dset_te_center0_erm_b44271c83_not_commited_2024md_06md_21_17_54_10_seed_1_21520822, commit_b44271c83_not_commited, erm, 30, center0, 1, "{}", 0.9606832, 0.8008295, 0.5693879, 0.5693879, 0.6062646, 0.810643, 0.63793105, 0.1423077, 0.9964682, 0.23270442, 0.9634225, 0.96750265, 15, 5:02:13.749469
3, erm_resnet_bs128, mname_dset_te_center0_erm_b44271c83_not_commited_2024md_06md_21_23_01_32_seed_2_21520822, commit_b44271c83_not_commited, erm, 30, center0, 2, "{}", 0.96361595, 0.79133344, 0.58056027, 0.58056027, 0.62096775, 0.79107285, 0.61538464, 0.16528925, 0.99583125, 0.26058632, 0.9692258, 0.9693176, 13, 4:24:50.585672
