param_index, method, mname, commit, algo, epos, te_d, seed, params, acc, precision, recall, specificity, f1, auroc, binary_precision, binary_recall, binary_specificity, binary_f1_score, acc_oracle, acc_val, model_selection_epoch, experiment_duration
4, erm_resnet_bs256, mname_dset_te_center0_erm_b44271c83_not_commited_2024md_06md_21_11_23_14_seed_0_21520819, commit_b44271c83_not_commited, erm, 30, center0, 0, "{}", 0.96276766, 0.83573604, 0.5902865, 0.5902865, 0.6363373, 0.76700807, 0.7058824, 0.18390805, 0.996665, 0.2917933, 0.9637264, 0.96753937, 13, 6:57:41.554234
4, erm_resnet_bs256, mname_dset_te_center0_erm_b44271c83_not_commited_2024md_06md_21_18_27_14_seed_1_21520819, commit_b44271c83_not_commited, erm, 30, center0, 1, "{}", 0.96310025, 0.8452095, 0.59455615, 0.59455615, 0.64249957, 0.7950697, 0.7246377, 0.1923077, 0.9968046, 0.30395138, 0.9643893, 0.96734256, 18, 5:27:04.497551
4, erm_resnet_bs256, mname_dset_te_center0_erm_b44271c83_not_commited_2024md_06md_21_23_58_36_seed_2_21520819, commit_b44271c83_not_commited, erm, 30, center0, 2, "{}", 0.9639365, 0.81061685, 0.57279605, 0.57279605, 0.6119764, 0.78703785, 0.6545454, 0.14876033, 0.9968318, 0.24242425, 0.967623, 0.9696373, 23, 5:09:55.650655
