param_index, method, mname, commit, algo, epos, te_d, seed, params, acc, precision, recall, specificity, f1, auroc, binary_precision, binary_recall, binary_specificity, binary_f1_score, acc_oracle, acc_val, model_selection_epoch, experiment_duration
2, dial_vitbase_config1, mname_dset_te_center0_erm_b44271c83_not_commited_2024md_05md_23_14_03_53_seed_0_20754607, commit_b44271c83_not_commited, erm, 30, center0, 0, "{'dial_steps_perturb': 1, 'dial_noise_scale': 0.0001, 'dial_epsilon': 0.001}", 0.9653244, 0.87847996, 0.61360854, 0.61360854, 0.66913277, 0.9512691, 0.7894737, 0.22988506, 0.997332, 0.3560831, 0.9713966, 0.9875479, 27, 1 day, 5:57:53.329774
3, erm_resnet, mname_dset_te_center0_erm_b44271c83_not_commited_2024md_05md_23_20_52_02_seed_0_20754611, commit_b44271c83_not_commited, erm, 30, center0, 0, "{}", 0.9638862, 0.85000813, 0.60369647, 0.60369647, 0.654413, 0.94225335, 0.73333335, 0.21072797, 0.996665, 0.32738096, 0.97810805, 0.98706895, 21, 15:25:49.194666
0, erm_vitbase, mname_dset_te_center0_erm_b44271c83_not_commited_2024md_05md_23_14_03_29_seed_0_20754609, commit_b44271c83_not_commited, erm, 30, center0, 0, "{}", 0.9646852, 0.82738936, 0.6389277, 0.6389277, 0.6914451, 0.9528051, 0.6851852, 0.2835249, 0.9943305, 0.40108404, 0.96628314, 0.9879204, 15, 16:45:25.500839
4, irm_resnet, mname_dset_te_center0_erm_b44271c83_not_commited_2024md_05md_23_14_03_29_seed_0_20754608, commit_b44271c83_not_commited, erm, 30, center0, 0, "{'gamma_reg': 0.0001}", 0.9713966, 0.8348479, 0.7816868, 0.7816868, 0.805717, 0.93396014, 0.6880734, 0.57471263, 0.988661, 0.6263048, 0.9784276, 0.9680715, 13, 13:01:19.845890
1, irm_vit, mname_dset_te_center0_erm_b44271c83_not_commited_2024md_05md_23_16_41_27_seed_0_20754610, commit_b44271c83_not_commited, erm, 30, center0, 0, "{'gamma_reg': 0.0001}", 0.9645254, 0.80902255, 0.66083235, 0.66083235, 0.70911723, 0.9454301, 0.6466165, 0.32950193, 0.99216276, 0.43654823, 0.97315437, 0.9887718, 19, 20:39:29.897478
5, dial_resnet_config1, mname_dset_te_center0_erm_b44271c83_not_commited_2024md_05md_24_03_20_50_seed_0_20754612, commit_b44271c83_not_commited, erm, 30, center0, 0, "{'dial_steps_perturb': 1, 'dial_noise_scale': 0.0001, 'dial_epsilon': 0.001}", 0.9602109, 0.9177147, 0.5266532, 0.5266532, 0.5403691, 0.9494779, 0.875, 0.053639848, 0.9996665, 0.10108303, 0.96692234, 0.9841422, 25, 20:25:03.579401
