param_index, method, mname, commit, algo, epos, te_d, seed, params, acc, precision, recall, specificity, f1, auroc, binary_precision, binary_recall, binary_specificity, binary_f1_score, acc_oracle, acc_val, model_selection_epoch, experiment_duration
0, erm_dinov2, mname_dset_te_center0_erm_b888c1ef2_not_commited_2024md_07md_23_04_25_17_seed_0_22779257, commit_b888c1ef2_not_commited, erm, 10, center0, 0, "{}", 0.855814, 0.87615776, 0.855814, 0.855814, 0.8538377, 0.92586255, 0.96363634, 0.73953485, 0.97209305, 0.83684206, 0.872093, 0.85636646, 5, 0:13:46.835440
0, erm_dinov2, mname_dset_te_center0_erm_b888c1ef2_not_commited_2024md_07md_23_04_40_17_seed_1_22779257, commit_b888c1ef2_not_commited, erm, 6, center0, 1, "{}", 0.8288889, 0.8588362, 0.8288889, 0.8288889, 0.82524276, 0.9142716, 0.9625, 0.6844444, 0.97333336, 0.8, 0.8288889, 0.80093676, 1, 0:08:13.839440
0, erm_dinov2, mname_dset_te_center0_erm_b888c1ef2_not_commited_2024md_07md_23_04_49_46_seed_2_22779257, commit_b888c1ef2_not_commited, erm, 11, center0, 2, "{}", 0.8263889, 0.8264519, 0.82638884, 0.82638884, 0.8263805, 0.9027349, 0.8309859, 0.8194444, 0.8333333, 0.8251748, 0.8263889, 0.85837245, 6, 0:15:03.665899
