param_index, method, mname, commit, algo, epos, te_d, seed, params, acc, precision, recall, specificity, f1, auroc, binary_precision, binary_recall, binary_specificity, binary_f1_score, acc_oracle, acc_val, model_selection_epoch, experiment_duration
3, irm_dinov2_config3, mname_dset_te_center0_erm_b888c1ef2_not_commited_2024md_07md_23_05_06_24_seed_0_22779259, commit_b888c1ef2_not_commited, erm, 30, center0, 0, "{'gamma_reg': 0.001}", 0.82790697, 0.8667877, 0.82790697, 0.82790697, 0.82322216, 0.9140941, 0.9862069, 0.66511625, 0.9906977, 0.79444444, 0.88139534, 0.8920807, 28, 0:36:52.929246
3, irm_dinov2_config3, mname_dset_te_center0_erm_b888c1ef2_not_commited_2024md_07md_23_05_44_30_seed_1_22779259, commit_b888c1ef2_not_commited, erm, 30, center0, 1, "{'gamma_reg': 0.001}", 0.84, 0.84002686, 0.84000003, 0.84000003, 0.8399968, 0.91960496, 0.84304935, 0.83555555, 0.84444445, 0.83928573, 0.8688889, 0.86729115, 7, 0:37:32.818863
3, irm_dinov2_config3, mname_dset_te_center0_erm_b888c1ef2_not_commited_2024md_07md_23_06_23_15_seed_2_22779259, commit_b888c1ef2_not_commited, erm, 30, center0, 2, "{'gamma_reg': 0.001}", 0.8194444, 0.81947184, 0.8194444, 0.8194444, 0.8194406, 0.91439474, 0.8224299, 0.8148148, 0.8240741, 0.81860465, 0.8541667, 0.87010956, 19, 0:35:49.764747
