param_index, method, mname, commit, algo, epos, te_d, seed, params, acc, precision, recall, specificity, f1, auroc, binary_precision, binary_recall, binary_specificity, binary_f1_score, acc_oracle, acc_val, model_selection_epoch, experiment_duration
11, irm_vit_config4, mname_2024md_07md_31_02_58_34_seed_0, commit_b44271c83_not_commited, erm, 1, center0, 0, "{'gamma_reg': 0.01}", 0.9860356, 0.9861318, 0.98603034, 0.98603034, 0.98603475, 0.9991808, 0.979481, 0.9928925, 0.9791681, 0.98614115, , , , 
11, irm_vit_config4, mname_2024md_07md_31_02_58_34_seed_0, commit_b44271c83_not_commited, erm, 2, center0, 0, "{'gamma_reg': 0.01}", 0.9963215, 0.99633193, 0.99632335, 0.99632335, 0.99632144, 0.9998815, 0.99880946, 0.9938332, 0.99881357, 0.9963151, , , , 
11, irm_vit_config4, mname_2024md_07md_31_02_58_34_seed_0, commit_b44271c83_not_commited, erm, 3, center0, 0, "{'gamma_reg': 0.01}", 0.9940202, 0.9940752, 0.9940242, 0.9940242, 0.9940201, 0.99973845, 0.9994716, 0.9885718, 0.9994766, 0.9939918, , , , 
11, irm_vit_config4, mname_2024md_07md_31_02_58_34_seed_0, commit_b44271c83_not_commited, erm, 4, center0, 0, "{'gamma_reg': 0.01}", 0.9943166, 0.99436784, 0.9943203, 0.9943203, 0.99431646, 0.9997728, 0.99957746, 0.9890592, 0.9995813, 0.99429053, , , , 
11, irm_vit_config4, mname_2024md_07md_31_02_58_34_seed_0, commit_b44271c83_not_commited, erm, 5, center0, 0, "{'gamma_reg': 0.01}", 0.99475247, 0.99480265, 0.9947561, 0.9947561, 0.99475235, 0.9998641, 0.9999648, 0.989547, 0.99996513, 0.9947286, , , , 
11, irm_vit_config4, mname_2024md_07md_31_02_58_34_seed_0, commit_b44271c83_not_commited, erm, 6, center0, 0, "{'gamma_reg': 0.01}", 0.99574614, 0.99574924, 0.9957453, 0.9957453, 0.99574614, 0.9998896, 0.9947158, 0.996795, 0.99469554, 0.9957543, , , , 
