param_index, method, mname, commit, algo, epos, te_d, seed, params, acc, precision, recall, specificity, f1, auroc, binary_precision, binary_recall, binary_specificity, binary_f1_score, acc_oracle, acc_val, model_selection_epoch, experiment_duration
0, erm_dinov2, mname_dset_te_center0_erm_b44271c83_not_commited_2024md_06md_01_12_07_04_seed_0_21011744, commit_b44271c83_not_commited, erm, 30, center0, 0, "{}", 0.9592522, 0.77238023, 0.5389793, 0.5389793, 0.5602725, 0.9440126, 0.5833333, 0.08045977, 0.99749875, 0.14141415, 0.97730905, 0.9841954, 24, 14:16:44.952409
0, erm_dinov2, mname_dset_te_center0_erm_b44271c83_not_commited_2024md_06md_02_02_34_18_seed_1_21011744, commit_b44271c83_not_commited, erm, 30, center0, 1, "{}", 0.95762163, 0.5791163, 0.50158674, 0.50158674, 0.49294788, 0.94217277, 0.2, 0.0038461538, 0.9993273, 0.00754717, 0.9766355, 0.97908217, 29, 14:15:16.966616
0, erm_dinov2, mname_dset_te_center0_erm_b44271c83_not_commited_2024md_06md_02_16_59_39_seed_2_21011744, commit_b44271c83_not_commited, erm, 30, center0, 2, "{}", 0.9597692, 0.6479126, 0.5170943, 0.5170943, 0.523178, 0.92995036, 0.33333334, 0.037190083, 0.9969985, 0.0669145, 0.9759577, 0.98455226, 30, 14:35:56.124788
