param_index, method, mname, commit, algo, epos, te_d, seed, params, acc, precision, recall, specificity, f1, auroc, binary_precision, binary_recall, binary_specificity, binary_f1_score, acc_oracle, acc_val, model_selection_epoch, experiment_duration
1, irm_dinov2_config1, mname_dset_te_center0_erm_b44271c83_not_commited_2024md_06md_01_17_41_57_seed_0_21011745, commit_b44271c83_not_commited, erm, 30, center0, 0, "{'gamma_reg': 0.0001}", 0.96212846, 0.78178525, 0.64125836, 0.64125836, 0.6856012, 0.9506576, 0.59375, 0.29118773, 0.991329, 0.3907455, 0.9693193, 0.9862707, 30, 14:04:44.818147
1, irm_dinov2_config1, mname_dset_te_center0_erm_b44271c83_not_commited_2024md_06md_02_07_58_57_seed_1_21011745, commit_b44271c83_not_commited, erm, 30, center0, 1, "{'gamma_reg': 0.0001}", 0.96326137, 0.82456386, 0.6130301, 0.6130301, 0.6629642, 0.9504945, 0.6818182, 0.23076923, 0.99529094, 0.3448276, 0.97631323, 0.98457843, 26, 13:33:01.981518
1, irm_dinov2_config1, mname_dset_te_center0_erm_b44271c83_not_commited_2024md_06md_08_23_41_17_seed_2_21261151, commit_b44271c83_not_commited, erm, 30, center0, 2, "{'gamma_reg': 0.0001}", 0.96292746, 0.8150885, 0.61052555, 0.61052555, 0.6590367, 0.9580133, 0.66292137, 0.22605364, 0.9949975, 0.33714285, 0.97810805, 0.9860579, 30, 14:17:58.402706
