param_index, method, mname, commit, algo, epos, te_d, seed, params, acc, precision, recall, specificity, f1, auroc, binary_precision, binary_recall, binary_specificity, binary_f1_score, acc_oracle, acc_val, model_selection_epoch, experiment_duration
10, irm_resnet_config2, mname_dset_te_center0_erm_b44271c83_not_commited_2024md_05md_31_13_34_43_seed_0_21011743, commit_b44271c83_not_commited, erm, 30, center0, 0, "{'gamma_reg': 0.0005}", 0.9678811, 0.8148665, 0.74137354, 0.74137354, 0.7727104, 0.95128757, 0.6515151, 0.49425286, 0.9884942, 0.5620915, 0.9787472, 0.96631545, 24, 10:20:21.393452
10, irm_resnet_config2, mname_dset_te_center0_erm_b44271c83_not_commited_2024md_06md_01_00_04_38_seed_1_21011743, commit_b44271c83_not_commited, erm, 30, center0, 1, "{'gamma_reg': 0.0005}", 0.96310025, 0.7856418, 0.67547154, 0.67547154, 0.715874, 0.93466127, 0.5987261, 0.36153847, 0.9894046, 0.45083934, 0.97502416, 0.9667022, 30, 10:02:47.839981
10, irm_resnet_config2, mname_dset_te_center0_erm_b44271c83_not_commited_2024md_06md_01_10_16_53_seed_2_21011743, commit_b44271c83_not_commited, erm, 30, center0, 2, "{'gamma_reg': 0.0005}", 0.9767591, 0.8950045, 0.75989544, 0.75989544, 0.8122935, 0.91153204, 0.8089172, 0.5247934, 0.9949975, 0.63659143, 0.9794839, 0.96793264, 3, 10:06:51.996280
