param_index, method, mname, commit, algo, epos, te_d, seed, params, acc, precision, recall, specificity, f1, auroc, binary_precision, binary_recall, binary_specificity, binary_f1_score, acc_oracle, acc_val, model_selection_epoch, experiment_duration
11, irm_resnet_config3, mname_dset_te_center0_erm_b44271c83_not_commited_2024md_05md_31_10_01_40_seed_0_21011735, commit_b44271c83_not_commited, erm, 30, center0, 0, "{'gamma_reg': 0.001}", 0.978907, 0.88518935, 0.83691084, 0.83691084, 0.8592669, 0.93929386, 0.78414094, 0.68199235, 0.9918293, 0.72950816, 0.97810805, 0.96674114, 8, 12:49:06.031412
11, irm_resnet_config3, mname_dset_te_center0_erm_b44271c83_not_commited_2024md_05md_31_23_03_05_seed_1_21011735, commit_b44271c83_not_commited, erm, 30, center0, 1, "{'gamma_reg': 0.001}", 0.96648407, 0.81758976, 0.7011443, 0.7011443, 0.74488056, 0.94546497, 0.66049385, 0.41153845, 0.9907501, 0.507109, 0.97631323, 0.96691567, 16, 12:58:34.364379
11, irm_resnet_config3, mname_dset_te_center0_erm_b44271c83_not_commited_2024md_06md_01_12_14_13_seed_2_21011735, commit_b44271c83_not_commited, erm, 30, center0, 2, "{'gamma_reg': 0.001}", 0.9748357, 0.92318887, 0.70536095, 0.70536095, 0.7736357, 0.9203769, 0.8695652, 0.41322315, 0.99749875, 0.5602241, 0.9794839, 0.96777284, 2, 12:12:27.272094
