param_index, method, mname, commit, algo, epos, te_d, seed, params, acc, precision, recall, specificity, f1, auroc, binary_precision, binary_recall, binary_specificity, binary_f1_score, acc_oracle, acc_val, model_selection_epoch, experiment_duration
2, irm_dinov2_config2, mname_dset_te_center0_erm_b44271c83_not_commited_2024md_05md_31_12_32_06_seed_0_21011737, commit_b44271c83_not_commited, erm, 30, center0, 0, "{'gamma_reg': 0.0005}", 0.958613, 0.748114, 0.5276517, 0.5276517, 0.5413118, 0.9473073, 0.53571427, 0.057471264, 0.99783224, 0.10380623, 0.97746885, 0.9852597, 25, 14:25:50.867664
2, irm_dinov2_config2, mname_dset_te_center0_erm_b44271c83_not_commited_2024md_06md_01_03_08_07_seed_1_21011737, commit_b44271c83_not_commited, erm, 30, center0, 1, "{'gamma_reg': 0.0005}", 0.95939416, 0.8727505, 0.52090156, 0.52090156, 0.52976537, 0.9463564, 0.78571427, 0.042307694, 0.99949545, 0.08029198, 0.9766355, 0.9847919, 21, 14:26:40.590662
2, irm_dinov2_config2, mname_dset_te_center0_erm_b44271c83_not_commited_2024md_06md_01_17_44_39_seed_2_21011737, commit_b44271c83_not_commited, erm, 30, center0, 2, "{'gamma_reg': 0.0005}", 0.9642571, 0.8386037, 0.5650318, 0.5650318, 0.60235214, 0.95050585, 0.7111111, 0.1322314, 0.99783224, 0.22299652, 0.9764385, 0.98609704, 28, 15:16:41.877903
