param_index, method, mname, commit, algo, epos, te_d, seed, params, acc, precision, recall, specificity, f1, auroc, binary_precision, binary_recall, binary_specificity, binary_f1_score, acc_oracle, acc_val, model_selection_epoch, experiment_duration
3, irm_dinov2_config3, mname_dset_te_center0_erm_b44271c83_not_commited_2024md_06md_01_20_37_51_seed_0_21011746, commit_b44271c83_not_commited, erm, 30, center0, 0, "{'gamma_reg': 0.001}", 0.96212846, 0.81611705, 0.58995306, 0.58995306, 0.6344175, 0.9460421, 0.6666667, 0.18390805, 0.995998, 0.2882883, 0.97666985, 0.98664325, 29, 14:05:02.018083
3, irm_dinov2_config3, mname_dset_te_center0_erm_b44271c83_not_commited_2024md_06md_02_10_52_44_seed_1_21011746, commit_b44271c83_not_commited, erm, 30, center0, 1, "{'gamma_reg': 0.001}", 0.959233, 0.77800727, 0.5410463, 0.5410463, 0.5636325, 0.9528544, 0.5945946, 0.08461539, 0.9974773, 0.14814815, 0.98018044, 0.98388475, 30, 14:13:30.010550
3, irm_dinov2_config3, mname_dset_te_center0_erm_b44271c83_not_commited_2024md_06md_10_12_18_50_seed_2_21268467, commit_b44271c83_not_commited, erm, 30, center0, 2, "{'gamma_reg': 0.001}", 0.9613295, 0.8053957, 0.5785421, 0.5785421, 0.61890817, 0.9384397, 0.64615387, 0.16091955, 0.99616474, 0.25766873, 0.97379357, 0.985845, 29, 16:18:11.764268
