param_index, method, mname, commit, algo, epos, te_d, seed, params, acc, precision, recall, specificity, f1, auroc, binary_precision, binary_recall, binary_specificity, binary_f1_score, acc_oracle, acc_val, model_selection_epoch, experiment_duration
4, erm_vitbase, mname_dset_te_center0_erm_b44271c83_not_commited_2024md_05md_31_12_45_50_seed_0_21011739, commit_b44271c83_not_commited, erm, 30, center0, 0, "{}", 0.9646852, 0.86186206, 0.6114427, 0.6114427, 0.6649668, 0.9535569, 0.75641024, 0.22605364, 0.9968318, 0.3480826, 0.9693193, 0.98722863, 17, 17:09:27.525849
4, erm_vitbase, mname_dset_te_center0_erm_b44271c83_not_commited_2024md_06md_01_06_08_13_seed_1_21011739, commit_b44271c83_not_commited, erm, 30, center0, 1, "{}", 0.959233, 0.8062746, 0.52817345, 0.52817345, 0.542574, 0.92927, 0.65217394, 0.057692308, 0.99865454, 0.10600708, 0.9634225, 0.9866062, 18, 17:30:03.866589
4, erm_vitbase, mname_dset_te_center0_erm_b44271c83_not_commited_2024md_06md_08_23_42_34_seed_2_21261148, commit_b44271c83_not_commited, erm, 30, center0, 2, "{}", 0.9614893, 0.7939743, 0.5951165, 0.5951165, 0.63878906, 0.9481863, 0.6219512, 0.1954023, 0.9948307, 0.2973761, 0.9699584, 0.9874947, 16, 15:58:28.969317
