param_index, method, mname, commit, algo, epos, te_d, seed, params, acc, precision, recall, specificity, f1, auroc, binary_precision, binary_recall, binary_specificity, binary_f1_score, acc_oracle, acc_val, model_selection_epoch, experiment_duration
5, irm_vitbase_config1, mname_dset_te_center0_erm_b44271c83_not_commited_2024md_06md_01_20_46_28_seed_0_21011747, commit_b44271c83_not_commited, erm, 30, center0, 0, "{'gamma_reg': 0.0001}", 0.9590924, 0.7708108, 0.53339887, 0.53339887, 0.5511726, 0.9221431, 0.58064514, 0.06896552, 0.99783224, 0.12328768, 0.9758709, 0.9883461, 28, 18:57:32.956606
5, irm_vitbase_config1, mname_dset_te_center0_erm_b44271c83_not_commited_2024md_06md_02_15_53_44_seed_1_21011747, commit_b44271c83_not_commited, erm, 30, center0, 1, "{'gamma_reg': 0.0001}", 0.96084434, 0.8459801, 0.5510822, 0.5510822, 0.5808802, 0.9380293, 0.7297297, 0.103846155, 0.9983182, 0.18181819, 0.96890104, 0.98804694, 28, 19:05:11.968729
5, irm_vitbase_config1, mname_dset_te_center0_erm_b44271c83_not_commited_2024md_06md_08_23_41_39_seed_2_21261153, commit_b44271c83_not_commited, erm, 30, center0, 2, "{'gamma_reg': 0.0001}", 0.96628314, 0.84696347, 0.6525878, 0.6525878, 0.70847005, 0.94877756, 0.72321427, 0.31034482, 0.9948307, 0.43431634, -1, 0.98813325, 18, 20:02:05.327475
