param_index, method, mname, commit, algo, epos, te_d, seed, params, acc, precision, recall, specificity, f1, auroc, binary_precision, binary_recall, binary_specificity, binary_f1_score, acc_oracle, acc_val, model_selection_epoch, experiment_duration
6, irm_vitbase_config2, mname_dset_te_center0_erm_b44271c83_not_commited_2024md_05md_31_13_36_54_seed_0_21011741, commit_b44271c83_not_commited, erm, 30, center0, 0, "{'gamma_reg': 0.0005}", 0.96596354, 0.8596641, 0.63593006, 0.63593006, 0.69292176, 0.9357126, 0.75, 0.27586207, 0.995998, 0.40336132, 0.97267497, 0.9885057, 26, 16:41:36.919270
6, irm_vitbase_config2, mname_dset_te_center0_erm_b44271c83_not_commited_2024md_06md_01_06_31_00_seed_1_21011741, commit_b44271c83_not_commited, erm, 30, center0, 1, "{'gamma_reg': 0.0005}", 0.96310025, 0.86386776, 0.58536124, 0.58536124, 0.6315975, 0.84996605, 0.7627119, 0.17307693, 0.9976455, 0.28213164, 0.97824687, 0.98703307, 27, 17:06:23.106556
6, irm_vitbase_config2, mname_dset_te_center0_erm_b44271c83_not_commited_2024md_06md_07_19_05_23_seed_2_21202599, commit_b44271c83_not_commited, erm, 30, center0, 2, "{'gamma_reg': 0.0005}", 0.9717162, 0.8639163, 0.73787755, 0.73787755, 0.78638434, 0.95050156, 0.75, 0.4827586, 0.9929965, 0.58741254, 0.9741131, 0.98797363, 29, 19:26:04.187232
