param_index, method, mname, commit, algo, epos, te_d, seed, params, acc, precision, recall, specificity, f1, auroc, binary_precision, binary_recall, binary_specificity, binary_f1_score, acc_oracle, acc_val, model_selection_epoch, experiment_duration
8, erm_resnet, mname_dset_te_center0_erm_b44271c83_not_commited_2024md_05md_31_13_34_32_seed_0_21011742, commit_b44271c83_not_commited, erm, 30, center0, 0, "{}", 0.9602109, 0.814288, 0.54497653, 0.54497653, 0.57061905, 0.92359793, 0.6666667, 0.09195402, 0.997999, 0.16161616, 0.97810805, 0.98664325, 20, 10:21:59.283440
8, erm_resnet, mname_dset_te_center0_erm_b44271c83_not_commited_2024md_06md_01_00_05_10_seed_1_21011742, commit_b44271c83_not_commited, erm, 30, center0, 1, "{}", 0.95987755, 0.7833593, 0.55977255, 0.55977255, 0.59194636, 0.9257214, 0.6037736, 0.12307692, 0.9964682, 0.20447284, 0.9751853, 0.9845251, 30, 10:16:29.787003
8, erm_resnet, mname_dset_te_center0_erm_b44271c83_not_commited_2024md_06md_01_10_31_02_seed_2_21011742, commit_b44271c83_not_commited, erm, 30, center0, 2, "{}", 0.96473795, 0.83536035, 0.57717836, 0.57717836, 0.61934865, 0.9275429, 0.7037037, 0.1570248, 0.997332, 0.25675678, 0.9764385, 0.98423266, 28, 10:49:36.766272
