param_index, method, mname, commit, algo, epos, te_d, seed, params, acc, precision, recall, specificity, f1, auroc, binary_precision, binary_recall, binary_specificity, binary_f1_score, acc_oracle, acc_val, model_selection_epoch, experiment_duration
9, irm_resnet_config1, mname_dset_te_center0_erm_b44271c83_not_commited_2024md_05md_31_02_11_49_seed_0_21011734, commit_b44271c83_not_commited, erm, 30, center0, 0, "{'gamma_reg': 0.0001}", 0.97682965, 0.86582386, 0.83216226, 0.83216226, 0.8480926, 0.94336313, 0.7457627, 0.6743295, 0.989995, 0.7082495, 0.97698945, 0.9665283, 10, 12:56:25.953729
9, irm_resnet_config1, mname_dset_te_center0_erm_b44271c83_not_commited_2024md_05md_31_15_19_57_seed_1_21011734, commit_b44271c83_not_commited, erm, 30, center0, 1, "{'gamma_reg': 0.0001}", 0.96310025, 0.7821485, 0.6883445, 0.6883445, 0.72478193, 0.93996096, 0.5906433, 0.38846153, 0.98822737, 0.4686775, 0.97454077, 0.96766275, 30, 12:56:45.154165
9, irm_resnet_config1, mname_dset_te_center0_erm_b44271c83_not_commited_2024md_06md_01_04_29_16_seed_2_21011734, commit_b44271c83_not_commited, erm, 30, center0, 2, "{'gamma_reg': 0.0001}", 0.9770797, 0.91084385, 0.7501485, 0.7501485, 0.809332, 0.9079163, 0.8413793, 0.5041322, 0.99616474, 0.63049096, 0.97868246, 0.9685719, 3, 12:55:51.506461
