param_index, method, mname, commit, algo, epos, te_d, seed, params, acc, precision, recall, specificity, f1, auroc, binary_precision, binary_recall, binary_specificity, binary_f1_score, acc_oracle, acc_val, model_selection_epoch, experiment_duration
1, erm_resnet_lr5e-6, mname_dset_te_center0_erm_b44271c83_not_commited_2024md_06md_14_13_05_43_seed_0_21324356, commit_b44271c83_not_commited, erm, 30, center0, 0, "{}", 0.97251517, 0.97049963, 0.6759951, 0.6759951, 0.7513546, 0.88659084, 0.96842104, 0.35249043, 0.99949974, 0.5168539, 0.97251517, 0.9669008, 29, 9:37:42.103882
1, erm_resnet_lr5e-6, mname_dset_te_center0_erm_b44271c83_not_commited_2024md_06md_14_22_50_28_seed_1_21324356, commit_b44271c83_not_commited, erm, 30, center0, 1, "{}", 0.96696746, 0.9589737, 0.61128616, 0.61128616, 0.67220795, 0.8680163, 0.9508197, 0.22307692, 0.99949545, 0.36137074, 0.9687399, 0.96526146, 28, 8:51:19.281770
1, erm_resnet_lr5e-6, mname_dset_te_center0_erm_b44271c83_not_commited_2024md_06md_15_07_48_42_seed_2_21324356, commit_b44271c83_not_commited, erm, 30, center0, 2, "{}", 0.9705081, 0.9619067, 0.6257829, 0.6257829, 0.6917881, 0.87768763, 0.953125, 0.2520661, 0.99949974, 0.3986928, 0.9729123, 0.9680925, 28, 9:05:34.129715
