param_index, method, mname, commit, algo, epos, te_d, seed, params, acc, precision, recall, specificity, f1, auroc, binary_precision, binary_recall, binary_specificity, binary_f1_score, acc_oracle, acc_val, model_selection_epoch, experiment_duration
2, erm_resnet_lr1e-5, mname_dset_te_center0_erm_b44271c83_not_commited_2024md_06md_14_13_05_43_seed_0_21324353, commit_b44271c83_not_commited, erm, 30, center0, 0, "{}", 0.9717162, 0.96922827, 0.6664165, 0.6664165, 0.7405883, 0.88804615, 0.96666664, 0.33333334, 0.99949974, 0.49572653, 0.97251517, 0.967433, 26, 9:36:43.053997
2, erm_resnet_lr1e-5, mname_dset_te_center0_erm_b44271c83_not_commited_2024md_06md_14_22_49_53_seed_1_21324353, commit_b44271c83_not_commited, erm, 30, center0, 1, "{}", 0.970029, 0.96631366, 0.64782465, 0.64782465, 0.7187668, 0.88869905, 0.9625, 0.29615384, 0.99949545, 0.45294115, 0.97115695, 0.9666489, 30, 8:28:45.996172
2, erm_resnet_lr1e-5, mname_dset_te_center0_erm_b44271c83_not_commited_2024md_06md_15_07_26_04_seed_2_21324353, commit_b44271c83_not_commited, erm, 30, center0, 2, "{}", 0.9730726, 0.9737077, 0.6568581, 0.6568581, 0.730591, 0.8827234, 0.974359, 0.3140496, 0.9996665, 0.47500002, 0.9748357, 0.968998, 23, 8:20:17.821609
