param_index, method, mname, commit, algo, epos, te_d, seed, params, acc, precision, recall, specificity, f1, auroc, binary_precision, binary_recall, binary_specificity, binary_f1_score, acc_oracle, acc_val, model_selection_epoch, experiment_duration
3, erm_resnet_lr5e-5, mname_dset_te_center0_erm_b44271c83_not_commited_2024md_06md_14_13_05_43_seed_0_21324357, commit_b44271c83_not_commited, erm, 30, center0, 0, "{}", 0.9653244, 0.9825394, 0.5842912, 0.5842912, 0.6353768, 0.8934632, 1.0, 0.16858238, 1.0, 0.28852457, 0.97347397, 0.9698808, 29, 10:09:24.034715
3, erm_resnet_lr5e-5, mname_dset_te_center0_erm_b44271c83_not_commited_2024md_06md_14_23_23_37_seed_1_21324357, commit_b44271c83_not_commited, erm, 30, center0, 1, "{}", 0.9693845, 0.9650103, 0.6401323, 0.6401323, 0.70939505, 0.8907928, 0.9605263, 0.28076923, 0.99949545, 0.4345238, 0.9732517, 0.9688901, 18, 9:14:29.520122
3, erm_resnet_lr5e-5, mname_dset_te_center0_erm_b44271c83_not_commited_2024md_06md_15_08_45_30_seed_2_21324357, commit_b44271c83_not_commited, erm, 30, center0, 2, "{}", 0.9709889, 0.97749096, 0.62801576, 0.62801576, 0.69584423, 0.890182, 0.984127, 0.25619835, 0.9998332, 0.40655738, 0.9746754, 0.9709157, 18, 9:23:19.418082
