param_index, method, mname, commit, algo, epos, te_d, seed, params, acc, precision, recall, specificity, f1, auroc, binary_precision, binary_recall, binary_specificity, binary_f1_score, acc_oracle, acc_val, model_selection_epoch, experiment_duration
4, erm_resnet_lr1e-4, mname_dset_te_center0_erm_b44271c83_not_commited_2024md_06md_14_13_05_43_seed_0_21324354, commit_b44271c83_not_commited, erm, 30, center0, 0, "{}", 0.9651646, 0.97142553, 0.5842078, 0.5842078, 0.63486373, 0.89328694, 0.9777778, 0.16858238, 0.9998332, 0.2875817, 0.9741131, 0.97110474, 30, 10:09:31.301324
4, erm_resnet_lr1e-4, mname_dset_te_center0_erm_b44271c83_not_commited_2024md_06md_14_23_23_37_seed_1_21324354, commit_b44271c83_not_commited, erm, 30, center0, 1, "{}", 0.9650338, 0.98239493, 0.5826923, 0.5826923, 0.6329539, 0.89469194, 1.0, 0.16538462, 1.0, 0.28382838, 0.9730905, 0.9699573, 28, 9:23:41.476506
4, erm_resnet_lr1e-4, mname_dset_te_center0_erm_b44271c83_not_commited_2024md_06md_15_08_54_37_seed_2_21324354, commit_b44271c83_not_commited, erm, 30, center0, 2, "{}", 0.9640968, 0.9819965, 0.5371901, 0.5371901, 0.56006396, 0.8806082, 1.0, 0.07438017, 1.0, 0.13846155, 0.9741946, 0.97224736, 24, 9:25:23.804129
