param_index, method, mname, commit, algo, epos, te_d, seed, params, acc, precision, recall, specificity, f1, auroc, binary_precision, binary_recall, binary_specificity, binary_f1_score, acc_oracle, acc_val, model_selection_epoch, experiment_duration
5, erm_resnet_lr5e-4, mname_dset_te_center0_erm_b44271c83_not_commited_2024md_06md_14_13_05_43_seed_0_21324358, commit_b44271c83_not_commited, erm, 30, center0, 0, "{}", 0.9611697, 0.95560277, 0.5363151, 0.5363151, 0.55768514, 0.8809419, 0.95, 0.07279693, 0.9998332, 0.13523132, 0.97299457, 0.97195613, 22, 11:03:58.715939
5, erm_resnet_lr5e-4, mname_dset_te_center0_erm_b44271c83_not_commited_2024md_06md_15_00_18_51_seed_1_21324358, commit_b44271c83_not_commited, erm, 30, center0, 1, "{}", 0.96019983, 0.92138326, 0.528678, 0.528678, 0.5439744, 0.8874235, 0.88235295, 0.057692308, 0.99966365, 0.10830325, 0.97599095, 0.9710246, 25, 10:44:40.739740
5, erm_resnet_lr5e-4, mname_dset_te_center0_erm_b44271c83_not_commited_2024md_06md_15_11_12_39_seed_2_21324358, commit_b44271c83_not_commited, erm, 30, center0, 2, "{}", 0.96553934, 0.9374652, 0.56173337, 0.56173337, 0.6002816, 0.87655824, 0.90909094, 0.12396694, 0.99949974, 0.2181818, 0.9746754, 0.97309965, 22, 12:22:23.897436
