param_index, method, mname, commit, algo, epos, te_d, seed, params, acc, precision, recall, specificity, f1, auroc, binary_precision, binary_recall, binary_specificity, binary_f1_score, acc_oracle, acc_val, model_selection_epoch, experiment_duration
0, erm_dinov2, mname_dset_te_4_erm_b8efecac6_not_commited_2024md_08md_12_18_27_40_seed_0_24146773, commit_b8efecac6_not_commited, erm, 7, 4, 0, "{}", 0.9390277, 0.94445384, 0.9389944, 0.9389944, 0.9388378, 0.9932352, 0.99341196, 0.8838432, 0.9941457, 0.93543, 0.97485596, 0.9906714, 6, 1 day, 1:02:03.806005
0, erm_dinov2, mname_dset_te_4_erm_b8efecac6_not_commited_2024md_08md_12_18_27_40_seed_1_24146791, commit_b8efecac6_not_commited, erm, 7, 4, 1, "{}", 0.9508407, 0.95410705, 0.9508152, 0.9508152, 0.95075023, 0.99438614, 0.99246955, 0.9085156, 0.9931148, 0.9486387, 0.9687257, 0.9871059, 6, 1 day, 1:02:03.957968
0, erm_dinov2, mname_dset_te_4_erm_b8efecac6_not_commited_2024md_08md_12_18_27_40_seed_2_24146796, commit_b8efecac6_not_commited, erm, 7, 4, 2, "{}", 0.93690646, 0.9430021, 0.93687105, 0.93687105, 0.9366851, 0.9934435, 0.99481684, 0.8783128, 0.99542934, 0.93294173, 0.9649502, 0.9894003, 6, 1 day, 1:02:03.805826
0, erm_dinov2, mname_dset_te_4_erm_b8efecac6_not_commited_2024md_08md_12_18_27_40_seed_3_24146803, commit_b8efecac6_not_commited, erm, 7, 4, 3, "{}", 0.91177213, 0.9237863, 0.9117214, 0.9117214, 0.9111352, 0.99246585, 0.99498993, 0.827605, 0.9958378, 0.9036113, 0.9695236, 0.989368, 6, 1 day, 1:02:04.110333
