param_index, method, mname, commit, algo, epos, te_d, seed, params, acc, precision, recall, specificity, f1, auroc, binary_precision, binary_recall, binary_specificity, binary_f1_score, acc_oracle, acc_val, model_selection_epoch, experiment_duration
1, irm_dinov2_config2, mname_dset_te_4_erm_b8efecac6_not_commited_2024md_08md_12_18_27_40_seed_0_24146772, commit_b8efecac6_not_commited, erm, 7, 4, 0, "{'gamma_reg': 0.0001}", 0.9618753, 0.96401864, 0.9618549, 0.9618549, 0.96183, 0.9963009, 0.9954047, 0.92798865, 0.9957211, 0.9605152, 0.96499884, 0.9858994, 4, 19:37:52.019099
1, irm_dinov2_config2, mname_dset_te_4_erm_b8efecac6_not_commited_2024md_08md_12_18_27_40_seed_1_24146790, commit_b8efecac6_not_commited, erm, 7, 4, 1, "{'gamma_reg': 0.0001}", 0.9497606, 0.9537715, 0.9497323, 0.9497323, 0.9496472, 0.99521077, 0.99628246, 0.9028294, 0.9966352, 0.9472566, 0.9649599, 0.98624414, 4, 19:37:52.592029
1, irm_dinov2_config2, mname_dset_te_4_erm_b8efecac6_not_commited_2024md_08md_12_18_27_40_seed_2_24146795, commit_b8efecac6_not_commited, erm, 7, 4, 2, "{'gamma_reg': 0.0001}", 0.8843706, 0.90553606, 0.8843018, 0.8843018, 0.8828287, 0.9899993, 0.9980316, 0.77012056, 0.99848294, 0.86938745, 0.9665752, 0.98612565, 5, 19:37:52.147807
1, irm_dinov2_config2, mname_dset_te_4_erm_b8efecac6_not_commited_2024md_08md_12_18_27_40_seed_3_24146802, commit_b8efecac6_not_commited, erm, 7, 4, 3, "{'gamma_reg': 0.0001}", 0.94272536, 0.94737, 0.94269466, 0.94269466, 0.94257355, 0.9933877, 0.9928031, 0.89184666, 0.99354273, 0.93962085, 0.9649891, 0.98654574, 6, 19:37:52.048095
