param_index, method, mname, commit, algo, epos, te_d, seed, params, acc, precision, recall, specificity, f1, auroc, binary_precision, binary_recall, binary_specificity, binary_f1_score, acc_oracle, acc_val, model_selection_epoch, experiment_duration
0, erm_dinov2, mname_dset_te_center0_erm_b44271c83_not_commited_2024md_06md_08_23_45_54_seed_0_21261159, commit_b44271c83_not_commited, erm, 30, center0, 0, "{}", 0.9614893, 0.80397546, 0.58412254, 0.58412254, 0.62606245, 0.935729, 0.64285713, 0.1724138, 0.99583125, 0.27190334, -1, 0.9872818, 25, 13:20:11.872713
0, erm_dinov2, mname_dset_te_center0_erm_b44271c83_not_commited_2024md_06md_09_13_13_50_seed_1_21261159, commit_b44271c83_not_commited, erm, 30, center0, 1, "{}", 0.95955527, 0.7637602, 0.57431626, 0.57431626, 0.6104577, 0.9485127, 0.5633803, 0.15384616, 0.9947864, 0.24169184, 0.9740574, 0.98788685, 28, 13:39:21.764924
0, erm_dinov2, mname_dset_te_center0_erm_b44271c83_not_commited_2024md_06md_10_03_03_22_seed_2_21261159, commit_b44271c83_not_commited, erm, 30, center0, 2, "{}", 0.96377623, 0.80477, 0.57271266, 0.57271266, 0.61152786, 0.90822047, 0.64285713, 0.14876033, 0.996665, 0.24161075, 0.97804135, 0.9868428, 23, 15:05:30.676496
