param_index, method, mname, commit, algo, epos, te_d, seed, params, acc, precision, recall, specificity, f1, auroc, binary_precision, binary_recall, binary_specificity, binary_f1_score, acc_oracle, acc_val, model_selection_epoch, experiment_duration
1, irm_dinov2_config1, mname_dset_te_center0_erm_b44271c83_not_commited_2024md_06md_08_23_44_49_seed_0_21261160, commit_b44271c83_not_commited, erm, 30, center0, 0, "{'gamma_reg': 0.0001}", 0.9614893, 0.8403441, 0.5621345, 0.5621345, 0.5976221, 0.92497075, 0.7173913, 0.12643678, 0.99783224, 0.21498372, 0.97746885, 0.98696256, 30, 7:47:55.044814
1, irm_dinov2_config1, mname_dset_te_center0_erm_b44271c83_not_commited_2024md_06md_09_07_41_34_seed_1_21261160, commit_b44271c83_not_commited, erm, 30, center0, 1, "{'gamma_reg': 0.0001}", 0.9661618, 0.8830467, 0.6274166, 0.6274166, 0.68606675, 0.95344865, 0.79761904, 0.2576923, 0.99714094, 0.3895349, 0.9690622, 0.9872999, 26, 7:37:07.291332
1, irm_dinov2_config1, mname_dset_te_center0_erm_b44271c83_not_commited_2024md_06md_09_15_26_35_seed_2_21261160, commit_b44271c83_not_commited, erm, 30, center0, 2, "{'gamma_reg': 0.0001}", 0.9693861, 0.87620294, 0.6450267, 0.6450267, 0.7053499, 0.9410894, 0.7802198, 0.29338843, 0.996665, 0.42642644, 0.97611797, 0.9864699, 24, 7:41:09.784703
