param_index, method, mname, commit, algo, epos, te_d, seed, params, acc, precision, recall, specificity, f1, auroc, binary_precision, binary_recall, binary_specificity, binary_f1_score, acc_oracle, acc_val, model_selection_epoch, experiment_duration
10, irm_resnet_config2, mname_dset_te_center0_erm_b44271c83_not_commited_2024md_06md_05_22_52_07_seed_0_21127985, commit_b44271c83_not_commited, erm, 30, center0, 0, "{'gamma_reg': 0.0005}", 0.9587728, 0.87944984, 0.50757945, 0.50757945, 0.50450695, 0.86777556, 0.8, 0.01532567, 0.9998332, 0.030075189, 0.9795462, 0.9657833, 6, 7:10:28.015953
10, irm_resnet_config2, mname_dset_te_center0_erm_b44271c83_not_commited_2024md_06md_06_06_11_04_seed_1_21127985, commit_b44271c83_not_commited, erm, 30, center0, 1, "{'gamma_reg': 0.0005}", 0.9761521, 0.9362167, 0.7429694, 0.7429694, 0.80975884, 0.9121245, 0.8943662, 0.48846152, 0.9974773, 0.63184077, 0.97599095, 0.9653148, 25, 6:57:16.804274
10, irm_resnet_config2, mname_dset_te_center0_erm_b44271c83_not_commited_2024md_06md_06_13_15_39_seed_2_21127985, commit_b44271c83_not_commited, erm, 30, center0, 2, "{'gamma_reg': 0.0005}", 0.9626543, 0.9813002, 0.51859504, 0.51859504, 0.52632844, 0.8698399, 1.0, 0.037190083, 1.0, 0.07171315, 0.97884274, 0.9679859, 8, 6:56:24.315989
