param_index, method, mname, commit, algo, epos, te_d, seed, params, acc, precision, recall, specificity, f1, auroc, binary_precision, binary_recall, binary_specificity, binary_f1_score, acc_oracle, acc_val, model_selection_epoch, experiment_duration
11, irm_resnet_config3, mname_dset_te_center0_erm_b44271c83_not_commited_2024md_05md_29_13_38_03_seed_0_20993749, commit_b44271c83_not_commited, erm, 30, center0, 0, "{'gamma_reg': 0.001}", 0.97682965, 0.9053186, 0.77719223, 0.77719223, 0.82809395, 0.9202571, 0.82954544, 0.55938697, 0.9949975, 0.6681922, 0.97651005, 0.9665283, 26, 11:39:05.220317
11, irm_resnet_config3, mname_dset_te_center0_erm_b44271c83_not_commited_2024md_05md_30_01_27_49_seed_1_20993749, commit_b44271c83_not_commited, erm, 30, center0, 1, "{'gamma_reg': 0.001}", 0.9737351, 0.9057746, 0.73067415, 0.73067415, 0.7919777, 0.91540074, 0.8344827, 0.4653846, 0.9959637, 0.5975308, 0.9761521, 0.9659552, 30, 12:00:43.759488
11, irm_resnet_config3, mname_dset_te_center0_erm_b44271c83_not_commited_2024md_05md_30_13_39_53_seed_2_20993749, commit_b44271c83_not_commited, erm, 30, center0, 2, "{'gamma_reg': 0.001}", 0.97691935, 0.8920195, 0.7659271, 0.7659271, 0.8158189, 0.9124541, 0.80246913, 0.5371901, 0.994664, 0.64356434, 0.97916335, 0.9685719, 25, 12:14:13.611764
