param_index, method, mname, commit, algo, epos, te_d, seed, params, acc, precision, recall, specificity, f1, auroc, binary_precision, binary_recall, binary_specificity, binary_f1_score, acc_oracle, acc_val, model_selection_epoch, experiment_duration
2, irm_dinov2_config2, mname_dset_te_center0_erm_b44271c83_not_commited_2024md_06md_08_23_47_20_seed_0_21261156, commit_b44271c83_not_commited, erm, 30, center0, 0, "{'gamma_reg': 0.0005}", 0.964046, 0.8582687, 0.60194755, 0.60194755, 0.652928, 0.940043, 0.75, 0.20689656, 0.9969985, 0.32432434, 0.96708214, 0.98690933, 30, 12:47:03.117125
2, irm_dinov2_config2, mname_dset_te_center0_erm_b44271c83_not_commited_2024md_06md_09_12_45_29_seed_1_21261156, commit_b44271c83_not_commited, erm, 30, center0, 1, "{'gamma_reg': 0.0005}", 0.9639059, 0.86170375, 0.60049355, 0.60049355, 0.6513361, 0.943957, 0.75714284, 0.20384616, 0.99714094, 0.3212121, 0.96793425, 0.9866595, 27, 12:59:46.791707
2, irm_dinov2_config2, mname_dset_te_center0_erm_b44271c83_not_commited_2024md_06md_10_01_59_01_seed_2_21261156, commit_b44271c83_not_commited, erm, 30, center0, 2, "{'gamma_reg': 0.0005}", 0.962494, 0.76140034, 0.5799766, 0.5799766, 0.61776996, 0.92038697, 0.5555556, 0.16528925, 0.994664, 0.25477707, 0.9767591, 0.9864699, 28, 15:19:00.715455
