param_index, method, mname, commit, algo, epos, te_d, seed, params, acc, precision, recall, specificity, f1, auroc, binary_precision, binary_recall, binary_specificity, binary_f1_score, acc_oracle, acc_val, model_selection_epoch, experiment_duration
3, irm_dinov2_config3, mname_dset_te_center0_erm_b44271c83_not_commited_2024md_06md_07_01_24_28_seed_0_21170182, commit_b44271c83_not_commited, erm, 30, center0, 0, "{'gamma_reg': 0.001}", 0.9610099, 0.88822913, 0.54172873, 0.54172873, 0.5664118, 0.9449604, 0.8148148, 0.08429119, 0.99916625, 0.15277778, 0.97379357, 0.9856322, 21, 8:23:08.843263
3, irm_dinov2_config3, mname_dset_te_center0_erm_b44271c83_not_commited_2024md_06md_07_09_56_34_seed_1_21170182, commit_b44271c83_not_commited, erm, 30, center0, 1, "{'gamma_reg': 0.001}", 0.9624557, 0.8549253, 0.5776689, 0.5776689, 0.6205282, 0.9522258, 0.74545455, 0.15769231, 0.9976455, 0.26031747, 0.9690622, 0.9872999, 26, 8:12:19.169552
3, irm_dinov2_config3, mname_dset_te_center0_erm_b44271c83_not_commited_2024md_06md_07_18_17_08_seed_2_21170182, commit_b44271c83_not_commited, erm, 30, center0, 2, "{'gamma_reg': 0.001}", 0.9661805, 0.93202436, 0.57198054, 0.57198054, 0.61590546, 0.9456683, 0.8974359, 0.1446281, 0.999333, 0.24911033, 0.9764385, 0.985884, 17, 7:51:33.439947
