param_index, method, mname, commit, algo, epos, te_d, seed, params, acc, precision, recall, specificity, f1, auroc, binary_precision, binary_recall, binary_specificity, binary_f1_score, acc_oracle, acc_val, model_selection_epoch, experiment_duration
5, irm_vitbase_config1, mname_dset_te_center0_erm_b44271c83_not_commited_2024md_06md_07_01_23_44_seed_0_21170183, commit_b44271c83_not_commited, erm, 30, center0, 0, "{'gamma_reg': 0.0001}", 0.96180886, 0.9425237, 0.5458103, 0.5458103, 0.5738518, 0.905741, 0.9230769, 0.09195402, 0.9996665, 0.16724738, 0.97235537, 0.98845255, 20, 8:38:19.667733
5, irm_vitbase_config1, mname_dset_te_center0_erm_b44271c83_not_commited_2024md_06md_07_10_09_45_seed_1_21170183, commit_b44271c83_not_commited, erm, 30, center0, 1, "{'gamma_reg': 0.0001}", 0.96358365, 0.955526, 0.5690626, 0.5690626, 0.6114774, 0.88746405, 0.94736844, 0.13846155, 0.99966365, 0.24161077, 0.96471155, 0.9883138, 28, 8:28:30.654921
5, irm_vitbase_config1, mname_dset_te_center0_erm_b44271c83_not_commited_2024md_06md_07_18_45_47_seed_2_21170183, commit_b44271c83_not_commited, erm, 30, center0, 2, "{'gamma_reg': 0.0001}", 0.9626543, 0.8388894, 0.5304915, 0.5304915, 0.54749674, 0.9269029, 0.71428573, 0.06198347, 0.9989995, 0.11406844, 0.967623, 0.9873222, 30, 8:39:32.301345
