param_index, method, mname, commit, algo, epos, te_d, seed, params, acc, precision, recall, specificity, f1, auroc, binary_precision, binary_recall, binary_specificity, binary_f1_score, acc_oracle, acc_val, model_selection_epoch, experiment_duration
7, irm_vitbase_config3, mname_dset_te_center0_erm_b44271c83_not_commited_2024md_06md_08_23_46_14_seed_0_21261163, commit_b44271c83_not_commited, erm, 30, center0, 0, "{'gamma_reg': 0.001}", 0.9610099, 0.9542099, 0.5343994, 0.5343994, 0.55431515, 0.8983048, 0.94736844, 0.06896552, 0.9998332, 0.12857144, 0.9653244, 0.9887186, 22, 8:31:52.772456
7, irm_vitbase_config3, mname_dset_te_center0_erm_b44271c83_not_commited_2024md_06md_09_08_25_45_seed_1_21261163, commit_b44271c83_not_commited, erm, 30, center0, 1, "{'gamma_reg': 0.001}", 0.9611666, 0.90674806, 0.5438944, 0.5438944, 0.5702013, 0.92881817, 0.8518519, 0.08846154, 0.9993273, 0.16027877, 0.96358365, 0.986873, 27, 8:34:38.471044
7, irm_vitbase_config3, mname_dset_te_center0_erm_b44271c83_not_commited_2024md_06md_09_17_08_07_seed_2_21261163, commit_b44271c83_not_commited, erm, 30, center0, 2, "{'gamma_reg': 0.001}", 0.9648982, 0.8971194, 0.55941707, 0.55941707, 0.59571844, 0.91266865, 0.82857144, 0.11983471, 0.9989995, 0.20938629, 0.9669819, 0.9878016, 30, 9:01:01.450469
