param_index, method, mname, commit, algo, epos, te_d, seed, params, acc, precision, recall, specificity, f1, auroc, binary_precision, binary_recall, binary_specificity, binary_f1_score, acc_oracle, acc_val, model_selection_epoch, experiment_duration
8, erm_resnet, mname_dset_te_center0_erm_b44271c83_not_commited_2024md_06md_05_22_52_07_seed_0_21127984, commit_b44271c83_not_commited, erm, 30, center0, 0, "{}", 0.9795462, 0.93120503, 0.79326826, 0.79326826, 0.84791297, 0.94130325, 0.88, 0.5900383, 0.9964982, 0.70642203, 0.97698945, 0.9753619, 30, 7:41:56.383044
8, erm_resnet, mname_dset_te_center0_erm_b44271c83_not_commited_2024md_06md_06_06_41_08_seed_1_21127984, commit_b44271c83_not_commited, erm, 30, center0, 1, "{}", 0.9780857, 0.94130206, 0.76604635, 0.76604635, 0.83008116, 0.9463868, 0.9025974, 0.5346154, 0.9974773, 0.6714976, 0.97873026, 0.97113127, 30, 7:28:26.679864
8, erm_resnet, mname_dset_te_center0_erm_b44271c83_not_commited_2024md_06md_06_14_16_50_seed_2_21127984, commit_b44271c83_not_commited, erm, 30, center0, 2, "{}", 0.9785222, 0.9305459, 0.7568471, 0.7568471, 0.8199809, 0.94403106, 0.8802817, 0.5165289, 0.99716526, 0.6510417, 0.9796442, 0.97709477, 30, 7:30:27.995942
