param_index, method, mname, commit, algo, epos, te_d, seed, params, acc, precision, recall, specificity, f1, auroc, binary_precision, binary_recall, binary_specificity, binary_f1_score, acc_oracle, acc_val, model_selection_epoch, experiment_duration
9, irm_resnet_config1, mname_dset_te_center0_erm_b44271c83_not_commited_2024md_06md_05_22_52_24_seed_0_21127980, commit_b44271c83_not_commited, erm, 30, center0, 0, "{'gamma_reg': 0.0001}", 0.97682965, 0.88649887, 0.79918027, 0.79918027, 0.8367191, 0.9270144, 0.79, 0.60536397, 0.9929965, 0.68546635, 0.97794825, 0.9664219, 25, 10:03:28.338924
9, irm_resnet_config1, mname_dset_te_center0_erm_b44271c83_not_commited_2024md_06md_06_09_04_55_seed_1_21127980, commit_b44271c83_not_commited, erm, 30, center0, 1, "{'gamma_reg': 0.0001}", 0.9727683, 0.9195021, 0.70626277, 0.70626277, 0.77349365, 0.92003477, 0.864, 0.41538462, 0.99714094, 0.561039, 0.97582984, 0.96542156, 22, 10:15:34.248834
9, irm_resnet_config1, mname_dset_te_center0_erm_b44271c83_not_commited_2024md_06md_06_19_29_40_seed_2_21127980, commit_b44271c83_not_commited, erm, 30, center0, 2, "{'gamma_reg': 0.0001}", 0.9770797, 0.889228, 0.77195865, 0.77195865, 0.81925905, 0.92168605, 0.79640716, 0.5495868, 0.9943305, 0.6503667, 0.97740024, 0.9685719, 28, 10:00:22.679876
