param_index, method, mname, commit, algo, epos, te_d, seed, params, acc, precision, recall, specificity, f1, auroc, binary_precision, binary_recall, binary_specificity, binary_f1_score, acc_oracle, acc_val, model_selection_epoch, experiment_duration
3, erm_resnet_bs128, mname_dset_te_center0_erm_b44271c83_not_commited_2024md_06md_19_23_10_44_seed_0_21512113, commit_b44271c83_not_commited, erm, 27, center0, 0, "{}", 0.96276766, 0.82761526, 0.59578353, 0.59578353, 0.64267474, 0.7754189, 0.6891892, 0.1954023, 0.99616474, 0.30447763, 0.96276766, 0.96737975, 7, 7:12:53.542652
3, erm_resnet_bs128, mname_dset_te_center0_erm_b44271c83_not_commited_2024md_06md_20_06_30_58_seed_1_21512113, commit_b44271c83_not_commited, erm, 30, center0, 1, "{}", 0.9611666, 0.8152816, 0.5714792, 0.5714792, 0.609911, 0.8236182, 0.6666667, 0.14615385, 0.9968046, 0.23974764, 0.9653561, 0.9668623, 15, 9:24:28.872189
3, erm_resnet_bs128, mname_dset_te_center0_erm_b44271c83_not_commited_2024md_06md_20_16_09_14_seed_2_21512113, commit_b44271c83_not_commited, erm, 30, center0, 2, "{}", 0.9642571, 0.80093193, 0.59080744, 0.59080744, 0.63460433, 0.78974664, 0.63380283, 0.18595041, 0.9956645, 0.28753996, 0.96826416, 0.9693709, 13, 12:22:00.145222
