param_index, method, mname, commit, algo, epos, te_d, seed, params, acc, precision, recall, specificity, f1, auroc, binary_precision, binary_recall, binary_specificity, binary_f1_score, acc_oracle, acc_val, model_selection_epoch, experiment_duration
0, erm_dinov2_halffreeze, mname_dset_te_center0_erm_b8efecac6_not_commited_2024md_08md_02_20_24_21_seed_0_24046979, commit_b8efecac6_not_commited, erm, 15, center0, 0, "{}", 0.95206136, 0.71782005, 0.81923914, 0.81923914, 0.75729537, 0.91698384, 0.45012787, 0.6743295, 0.96414876, 0.5398773, 0.95206136, 0.9386441, 10, 6:50:34.840897
0, erm_dinov2_halffreeze, mname_dset_te_center0_erm_b8efecac6_not_commited_2024md_08md_03_03_23_24_seed_1_24046979, commit_b8efecac6_not_commited, erm, 6, center0, 1, "{}", 0.92523366, 0.6579732, 0.839609, 0.839609, 0.7076303, 0.92081106, 0.3277027, 0.74615383, 0.9330642, 0.45539904, 0.92523366, 0.9316969, 1, 2:44:04.417194
0, erm_dinov2_halffreeze, mname_dset_te_center0_erm_b8efecac6_not_commited_2024md_08md_03_06_15_58_seed_2_24046979, commit_b8efecac6_not_commited, erm, 10, center0, 2, "{}", 0.90815836, 0.6229038, 0.82136524, 0.82136524, 0.6654715, 0.9053778, 0.25768667, 0.72727275, 0.9154577, 0.38054052, 0.9104023, 0.9373036, 5, 4:36:53.353644
0, erm_dinov2_halffreeze, mname_dset_te_center0_erm_b8efecac6_not_commited_2024md_08md_03_11_02_55_seed_3_24046979, commit_b8efecac6_not_commited, erm, 8, center0, 3, "{}", 0.9580532, 0.75725484, 0.76934737, 0.76934737, 0.7631406, 0.90075666, 0.53535354, 0.56183743, 0.9768573, 0.5482759, 0.9580532, 0.94850904, 3, 3:52:49.205605
