param_index, method, mname, commit, algo, epos, te_d, seed, params, acc, precision, recall, specificity, f1, auroc, binary_precision, binary_recall, binary_specificity, binary_f1_score, acc_oracle, acc_val, model_selection_epoch, experiment_duration
1, irm_dinov2_config2_half, mname_dset_te_center0_erm_b8efecac6_not_commited_2024md_08md_02_17_38_59_seed_0_24046977, commit_b8efecac6_not_commited, erm, 20, center0, 0, "{'gamma_reg': 0.0001}", 0.8951742, 0.6245362, 0.8536893, 0.8536893, 0.6670565, 0.9230037, 0.25826192, 0.8084291, 0.8989495, 0.39146566, 0.8990093, 0.9033631, 20, 6:36:27.618630
1, irm_dinov2_config2_half, mname_dset_te_center0_erm_b8efecac6_not_commited_2024md_08md_03_00_25_39_seed_1_24046977, commit_b8efecac6_not_commited, erm, 20, center0, 1, "{'gamma_reg': 0.0001}", 0.91959393, 0.65148526, 0.8495388, 0.8495388, 0.70141053, 0.9250556, 0.31357256, 0.77307695, 0.92600065, 0.44617093, 0.9236223, 0.9255603, 10, 6:12:15.523554
1, irm_dinov2_config2_half, mname_dset_te_center0_erm_b8efecac6_not_commited_2024md_08md_03_06_47_33_seed_2_24046977, commit_b8efecac6_not_commited, erm, 20, center0, 2, "{'gamma_reg': 0.0001}", 0.88844365, 0.5939709, 0.7714553, 0.7714553, 0.6244219, 0.86199504, 0.20365535, 0.6446281, 0.89828247, 0.3095238, 0.8983812, 0.93682414, 8, 6:26:07.189348
1, irm_dinov2_config2_half, mname_dset_te_center0_erm_b8efecac6_not_commited_2024md_08md_03_13_24_14_seed_3_24046977, commit_b8efecac6_not_commited, erm, 20, center0, 3, "{'gamma_reg': 0.0001}", 0.946846, 0.71279705, 0.81060004, 0.81060004, 0.750788, 0.8992053, 0.44208038, 0.6607774, 0.96042264, 0.52974504, 0.946846, 0.93812567, 16, 7:23:46.841475
