param_index, method, mname, commit, algo, epos, te_d, seed, params, acc, precision, recall, specificity, f1, auroc, acc_oracle, acc_val, model_selection_epoch, experiment_duration
23, diva_irm, mname_2024md_08md_12_13_05_08_seed_0, commit_b44271c83_not_commited, diva, 1, center0, 0, "{'gamma_d': 350000, 'gamma_reg': 0.23358825194833552, 'gamma_y': 54900}", 0.7158872, 0.41368836, 0.28150612, 0.96587145, 0.2747525, 0.8912307, , , , , 
23, diva_irm, mname_2024md_08md_12_13_05_08_seed_0, commit_b44271c83_not_commited, diva, 2, center0, 0, "{'gamma_d': 350000, 'gamma_reg': 0.23358825194833552, 'gamma_y': 54900}", 0.8242455, 0.54906917, 0.46505743, 0.9803305, 0.46310884, 0.9453796, , , , , 
23, diva_irm, mname_2024md_08md_12_13_05_08_seed_0, commit_b44271c83_not_commited, diva, 3, center0, 0, "{'gamma_d': 350000, 'gamma_reg': 0.23358825194833552, 'gamma_y': 54900}", 0.8565657, 0.63750535, 0.5271501, 0.9840958, 0.5327374, 0.96317863, , , , , 
23, diva_irm, mname_2024md_08md_12_13_05_08_seed_0, commit_b44271c83_not_commited, diva, 4, center0, 0, "{'gamma_d': 350000, 'gamma_reg': 0.23358825194833552, 'gamma_y': 54900}", 0.87660533, 0.7251122, 0.58250153, 0.9864959, 0.5952888, 0.9733325, , , , , 
23, diva_irm, mname_2024md_08md_12_13_05_08_seed_0, commit_b44271c83_not_commited, diva, 5, center0, 0, "{'gamma_d': 350000, 'gamma_reg': 0.23358825194833552, 'gamma_y': 54900}", 0.89287245, 0.77012116, 0.64035994, 0.9881208, 0.6665683, 0.97876394, , , , , 
