param_index, method, mname, commit, algo, epos, te_d, seed, params, acc, precision, recall, specificity, f1, auroc, acc_oracle, acc_val, model_selection_epoch, experiment_duration
2, diva, mname_2024md_08md_12_10_32_31_seed_0, commit_b44271c83_not_commited, diva, 1, center0, 0, "{'gamma_d': 160000, 'gamma_y': 51200}", 0.79337007, 0.4561399, 0.4196021, 0.9762558, 0.42669243, 0.92721814, , , , , 
2, diva, mname_2024md_08md_12_10_32_31_seed_0, commit_b44271c83_not_commited, diva, 2, center0, 0, "{'gamma_d': 160000, 'gamma_y': 51200}", 0.85423803, 0.6251584, 0.5345038, 0.9840633, 0.5325008, 0.9652351, , , , , 
2, diva, mname_2024md_08md_12_10_32_31_seed_0, commit_b44271c83_not_commited, diva, 3, center0, 0, "{'gamma_d': 160000, 'gamma_y': 51200}", 0.57761663, 0.40388247, 0.21578598, 0.9508394, 0.19924869, 0.82972354, , , , , 
2, diva, mname_2024md_08md_12_10_32_31_seed_0, commit_b44271c83_not_commited, diva, 4, center0, 0, "{'gamma_d': 160000, 'gamma_y': 51200}", 0.47712436, 0.15198027, 0.17129715, 0.9386967, 0.14661252, 0.67113894, , , , , 
2, diva, mname_2024md_08md_12_10_32_31_seed_0, commit_b44271c83_not_commited, diva, 5, center0, 0, "{'gamma_d': 160000, 'gamma_y': 51200}", 0.32692102, 0.08243931, 0.10803465, 0.915644, 0.09295573, 0.56123483, , , , , 
2, diva, mname_2024md_08md_12_13_01_00_seed_1, commit_b44271c83_not_commited, diva, 1, center0, 1, "{'gamma_d': 160000, 'gamma_y': 51200}", 0.790427, 0.45369038, 0.4028877, 0.97550595, 0.40237522, 0.9311069, , , , , 
2, diva, mname_2024md_08md_12_13_01_00_seed_1, commit_b44271c83_not_commited, diva, 2, center0, 1, "{'gamma_d': 160000, 'gamma_y': 51200}", 0.83433217, 0.5260191, 0.46985537, 0.98091507, 0.47244567, 0.9396489, , , , , 
2, diva, mname_2024md_08md_12_13_01_00_seed_1, commit_b44271c83_not_commited, diva, 3, center0, 1, "{'gamma_d': 160000, 'gamma_y': 51200}", 0.5070633, 0.29756266, 0.174378, 0.93454015, 0.1697057, 0.72825986, , , , , 
2, diva, mname_2024md_08md_12_13_01_00_seed_1, commit_b44271c83_not_commited, diva, 4, center0, 1, "{'gamma_d': 160000, 'gamma_y': 51200}", 0.43533283, 0.17332989, 0.12900324, 0.9225024, 0.10522095, 0.61795706, , , , , 
2, diva, mname_2024md_08md_12_13_01_00_seed_1, commit_b44271c83_not_commited, diva, 5, center0, 1, "{'gamma_d': 160000, 'gamma_y': 51200}", 0.42441675, 0.12576495, 0.124121055, 0.9207313, 0.097459726, 0.5652563, , , , , 
