param_index, method, mname, commit, algo, epos, te_d, seed, params, acc, precision, recall, specificity, f1, auroc, acc_oracle, acc_val, model_selection_epoch, experiment_duration
4, diva, mname_2024md_08md_11_12_30_38_seed_0, commit_b44271c83_not_commited, diva, 1, center0, 0, "{'gamma_d': 80000, 'gamma_y': 144600}", 0.7917915, 0.45595628, 0.41430068, 0.9760709, 0.4227562, 0.9259811, , , , , 
4, diva, mname_2024md_08md_11_12_30_38_seed_0, commit_b44271c83_not_commited, diva, 2, center0, 0, "{'gamma_d': 80000, 'gamma_y': 144600}", 0.8618365, 0.6879132, 0.5421411, 0.98489493, 0.5408665, 0.9684413, , , , , 
4, diva, mname_2024md_08md_11_12_30_38_seed_0, commit_b44271c83_not_commited, diva, 3, center0, 0, "{'gamma_d': 80000, 'gamma_y': 144600}", 0.67875105, 0.53683764, 0.2944597, 0.9623873, 0.30528945, 0.8664201, , , , , 
4, diva, mname_2024md_08md_11_12_30_38_seed_0, commit_b44271c83_not_commited, diva, 4, center0, 0, "{'gamma_d': 80000, 'gamma_y': 144600}", 0.52991223, 0.26160443, 0.18742612, 0.94472814, 0.16048507, 0.7557172, , , , , 
4, diva, mname_2024md_08md_11_12_30_38_seed_0, commit_b44271c83_not_commited, diva, 5, center0, 0, "{'gamma_d': 80000, 'gamma_y': 144600}", 0.40555435, 0.101793304, 0.13413033, 0.92597234, 0.11543786, 0.61552805, , , , , 
4, diva, mname_2024md_08md_11_15_42_46_seed_1, commit_b44271c83_not_commited, diva, 1, center0, 1, "{'gamma_d': 80000, 'gamma_y': 144600}", 0.7899722, 0.43687972, 0.4020313, 0.9753811, 0.40130296, 0.93037814, , , , , 
4, diva, mname_2024md_08md_11_15_42_46_seed_1, commit_b44271c83_not_commited, diva, 2, center0, 1, "{'gamma_d': 80000, 'gamma_y': 144600}", 0.85867935, 0.62729394, 0.49377733, 0.984094, 0.4894576, 0.96984434, , , , , 
4, diva, mname_2024md_08md_11_15_42_46_seed_1, commit_b44271c83_not_commited, diva, 3, center0, 1, "{'gamma_d': 80000, 'gamma_y': 144600}", 0.5634899, 0.3287543, 0.19742206, 0.94233894, 0.19459015, 0.7793714, , , , , 
4, diva, mname_2024md_08md_11_15_42_46_seed_1, commit_b44271c83_not_commited, diva, 4, center0, 1, "{'gamma_d': 80000, 'gamma_y': 144600}", 0.45454302, 0.16345948, 0.13705125, 0.9255082, 0.115069956, 0.66301125, , , , , 
4, diva, mname_2024md_08md_11_15_42_46_seed_1, commit_b44271c83_not_commited, diva, 5, center0, 1, "{'gamma_d': 80000, 'gamma_y': 144600}", 0.44175407, 0.1484366, 0.131074, 0.9231782, 0.105290785, 0.59340715, , , , , 
