param_index, method, mname, commit, algo, epos, te_d, seed, params, acc, precision, recall, specificity, f1, auroc, acc_oracle, acc_val, model_selection_epoch, experiment_duration
5, diva, mname_2024md_08md_11_15_05_34_seed_0, commit_b44271c83_not_commited, diva, 1, center0, 0, "{'gamma_d': 850000, 'gamma_y': 31500}", 0.79200554, 0.4545118, 0.41554496, 0.97604996, 0.4241896, 0.92790675, , , , , 
5, diva, mname_2024md_08md_11_15_05_34_seed_0, commit_b44271c83_not_commited, diva, 2, center0, 0, "{'gamma_d': 850000, 'gamma_y': 31500}", 0.81343645, 0.62762845, 0.49676713, 0.97967577, 0.49668548, 0.9511738, , , , , 
5, diva, mname_2024md_08md_11_15_05_34_seed_0, commit_b44271c83_not_commited, diva, 3, center0, 0, "{'gamma_d': 850000, 'gamma_y': 31500}", 0.5787136, 0.47670716, 0.22547789, 0.9508146, 0.2174151, 0.7952928, , , , , 
5, diva, mname_2024md_08md_11_15_05_34_seed_0, commit_b44271c83_not_commited, diva, 4, center0, 0, "{'gamma_d': 850000, 'gamma_y': 31500}", 0.3718429, 0.106509484, 0.13329923, 0.9251495, 0.11407432, 0.5882536, , , , , 
5, diva, mname_2024md_08md_11_15_05_34_seed_0, commit_b44271c83_not_commited, diva, 5, center0, 0, "{'gamma_d': 850000, 'gamma_y': 31500}", 0.3284996, 0.07681167, 0.095052175, 0.9104474, 0.07203123, 0.5614885, , , , , 
5, diva, mname_2024md_08md_11_18_32_57_seed_1, commit_b44271c83_not_commited, diva, 1, center0, 1, "{'gamma_d': 850000, 'gamma_y': 31500}", 0.79452056, 0.4586501, 0.4050585, 0.9759612, 0.40647817, 0.9298533, , , , , 
5, diva, mname_2024md_08md_11_18_32_57_seed_1, commit_b44271c83_not_commited, diva, 2, center0, 1, "{'gamma_d': 850000, 'gamma_y': 31500}", 0.7664544, 0.47516865, 0.40202382, 0.9719684, 0.41420132, 0.8970823, , , , , 
5, diva, mname_2024md_08md_11_18_32_57_seed_1, commit_b44271c83_not_commited, diva, 3, center0, 1, "{'gamma_d': 850000, 'gamma_y': 31500}", 0.44469714, 0.18398675, 0.13692287, 0.9250719, 0.11964414, 0.624013, , , , , 
5, diva, mname_2024md_08md_11_18_32_57_seed_1, commit_b44271c83_not_commited, diva, 4, center0, 1, "{'gamma_d': 850000, 'gamma_y': 31500}", 0.4229452, 0.1462788, 0.123821534, 0.9207516, 0.09775613, 0.5702187, , , , , 
