param_index, method, mname, commit, algo, epos, te_d, seed, params, acc, precision, recall, specificity, f1, auroc, acc_oracle, acc_val, model_selection_epoch, experiment_duration
8, dann, mname_2024md_08md_12_13_33_24_seed_0, commit_b44271c83_not_commited, dann, 1, center0, 0, "{'gamma_reg': 0.013680095279726915}", 0.2856111, 0.22756544, 0.24902223, 0.92973083, 0.18931626, 0.80011785, , , , , 
8, dann, mname_2024md_08md_12_13_33_24_seed_0, commit_b44271c83_not_commited, dann, 2, center0, 0, "{'gamma_reg': 0.013680095279726915}", 0.35035852, 0.3314259, 0.36604416, 0.9367817, 0.26974028, 0.88117343, , , , , 
8, dann, mname_2024md_08md_12_13_33_24_seed_0, commit_b44271c83_not_commited, dann, 3, center0, 0, "{'gamma_reg': 0.013680095279726915}", 0.54419947, 0.52333564, 0.5253096, 0.95574796, 0.43262014, 0.9234954, , , , , 
8, dann, mname_2024md_08md_12_13_33_24_seed_0, commit_b44271c83_not_commited, dann, 4, center0, 0, "{'gamma_reg': 0.013680095279726915}", 0.8557631, 0.65534794, 0.64799666, 0.9851394, 0.61216486, 0.9572591, , , , , 
8, dann, mname_2024md_08md_12_13_33_24_seed_0, commit_b44271c83_not_commited, dann, 5, center0, 0, "{'gamma_reg': 0.013680095279726915}", 0.904832, 0.7103635, 0.6746842, 0.98959684, 0.6703733, 0.9665094, , , , , 
