param_index, method, mname, commit, algo, epos, te_d, seed, params, acc, precision, recall, specificity, f1, auroc, binary_precision, binary_recall, binary_specificity, binary_f1_score, acc_oracle, acc_val, model_selection_epoch, experiment_duration
1, dann_dinov2_config2, mname_dset_te_center0_dann_b44271c83_not_commited_2024md_06md_26_06_22_14_seed_0_21581805, commit_b44271c83_not_commited, dann, 30, center0, 0, "{'gamma_reg': 0.0001}", 0.96724194, 0.82598466, 0.7007287, 0.7007287, 0.74689674, 0.9200181, 0.6772152, 0.4099617, 0.9914957, 0.51073986, -1, 0.9616326, 15, 11:17:58.005768
1, dann_dinov2_config2, mname_dset_te_center0_dann_b44271c83_not_commited_2024md_06md_26_17_46_12_seed_1_21581805, commit_b44271c83_not_commited, dann, 30, center0, 1, "{'gamma_reg': 0.0001}", 0.96406704, 0.7917306, 0.692527, 0.692527, 0.73078835, 0.9139308, 0.60946745, 0.39615384, 0.9889001, 0.48018646, 0.9668063, 0.96211314, 14, 9:14:54.590861
1, dann_dinov2_config2, mname_dset_te_center0_dann_b44271c83_not_commited_2024md_06md_27_03_07_35_seed_2_21581805, commit_b44271c83_not_commited, dann, 30, center0, 2, "{'gamma_reg': 0.0001}", 0.96650106, 0.7836101, 0.7188701, 0.7188701, 0.7465978, 0.9027439, 0.5891892, 0.45041323, 0.987327, 0.51053864, 0.96650106, 0.9640441, 26, 9:13:17.530687
