param_index, method, mname, commit, algo, epos, te_d, seed, params, acc, precision, recall, specificity, f1, auroc, binary_precision, binary_recall, binary_specificity, binary_f1_score, acc_oracle, acc_val, model_selection_epoch, experiment_duration
0, erm_dinov2, mname_2024md_07md_29_09_27_29_seed_0, commit_b44271c83_not_commited, erm, 1, center0, 0, "{}", 0.96948016, 0.9699771, 0.96950406, 0.96950406, 0.9694732, 0.9942366, 0.9856237, 0.9529479, 0.9860602, 0.9690104, , , , 
0, erm_dinov2, mname_2024md_07md_29_09_27_29_seed_0, commit_b44271c83_not_commited, erm, 2, center0, 0, "{}", 0.9734962, 0.97350484, 0.97349346, 0.97349346, 0.97349596, 0.99613476, 0.97181505, 0.9753579, 0.971629, 0.9735833, , , , 
0, erm_dinov2, mname_2024md_07md_29_09_27_29_seed_0, commit_b44271c83_not_commited, erm, 3, center0, 0, "{}", 0.97689295, 0.9769737, 0.97690296, 0.97690296, 0.9768923, 0.996588, 0.9835587, 0.97006947, 0.98373646, 0.97676754, , , , 
0, erm_dinov2, mname_2024md_07md_29_09_27_29_seed_0, commit_b44271c83_not_commited, erm, 4, center0, 0, "{}", 0.98054844, 0.9806968, 0.980562, 0.980562, 0.9805473, 0.99755085, 0.98951805, 0.9714449, 0.989679, 0.9803982, , , , 
0, erm_dinov2, mname_2024md_07md_29_09_27_29_seed_0, commit_b44271c83_not_commited, erm, 5, center0, 0, "{}", 0.979199, 0.97954994, 0.9792197, 0.9792197, 0.97919583, 0.99753916, 0.9928997, 0.9653632, 0.9930761, 0.97893786, , , , 
0, erm_dinov2, mname_2024md_07md_29_09_27_29_seed_0, commit_b44271c83_not_commited, erm, 6, center0, 0, "{}", 0.9789356, 0.97898895, 0.97894394, 0.97894394, 0.97893524, 0.9972023, 0.98443025, 0.97332793, 0.98456, 0.9788476, , , , 
