param_index, method, mname, commit, algo, epos, te_d, seed, params, acc, precision, recall, specificity, f1, auroc, binary_precision, binary_recall, binary_specificity, binary_f1_score, acc_oracle, acc_val, model_selection_epoch, experiment_duration
1, erm_densenet, mname_2024md_07md_29_07_11_14_seed_0, commit_b44271c83_not_commited, erm, 1, center0, 0, "{}", 0.8797647, 0.87986004, 0.8797532, 0.8797532, 0.8797546, 0.9474403, 0.8741967, 0.8876142, 0.87189215, 0.88085437, , , , 
1, erm_densenet, mname_2024md_07md_29_07_11_14_seed_0, commit_b44271c83_not_commited, erm, 2, center0, 0, "{}", 0.8937583, 0.89375824, 0.89375913, 0.89375913, 0.89375824, 0.9563389, 0.89445037, 0.8932369, 0.8942813, 0.8938432, , , , 
1, erm_densenet, mname_2024md_07md_29_07_11_14_seed_0, commit_b44271c83_not_commited, erm, 3, center0, 0, "{}", 0.9016794, 0.9016825, 0.9016775, 0.9016775, 0.9016787, 0.9620553, 0.9008793, 0.9029995, 0.90035546, 0.9019382, , , , 
1, erm_densenet, mname_2024md_07md_29_07_11_14_seed_0, commit_b44271c83_not_commited, erm, 4, center0, 0, "{}", 0.90602815, 0.90607756, 0.90603673, 0.90603673, 0.90602636, 0.96500516, 0.9109482, 0.90035534, 0.91171813, 0.90562075, , , , 
1, erm_densenet, mname_2024md_07md_29_07_11_14_seed_0, commit_b44271c83_not_commited, erm, 5, center0, 0, "{}", 0.91418034, 0.91526645, 0.91421866, 0.91421866, 0.9141294, 0.9702175, 0.936879, 0.88847566, 0.9399617, 0.9120356, , , , 
1, erm_densenet, mname_2024md_07md_29_07_11_14_seed_0, commit_b44271c83_not_commited, erm, 6, center0, 0, "{}", 0.92091376, 0.9210762, 0.92092824, 0.92092824, 0.92090774, 0.9743778, 0.92971796, 0.9109175, 0.930939, 0.9202217, , , , 
1, erm_densenet, mname_2024md_07md_29_07_11_14_seed_0, commit_b44271c83_not_commited, erm, 7, center0, 0, "{}", 0.92250353, 0.9225131, 0.92250025, 0.92250025, 0.9225025, 0.97564256, 0.92083377, 0.92473465, 0.92026585, 0.9227801, , , , 
