param_index, method, mname, commit, algo, epos, te_d, seed, params, acc, precision, recall, specificity, f1, auroc, binary_precision, binary_recall, binary_specificity, binary_f1_score, acc_oracle, acc_val, model_selection_epoch, experiment_duration
0, erm_dinov2, mname_dset_te_center0_erm_b888c1ef2_not_commited_2024md_07md_20_14_29_37_seed_0_22504810, commit_b888c1ef2_not_commited, erm, 23, center0, 0, "{}", 0.83023256, 0.8308122, 0.83023256, 0.83023256, 0.8301581, 0.9113034, 0.81696427, 0.8511628, 0.80930233, 0.833713, 0.84418607, 0.8128882, 18, 0:24:37.363577
0, erm_dinov2, mname_dset_te_center0_erm_b888c1ef2_not_commited_2024md_07md_20_14_55_12_seed_1_22504810, commit_b888c1ef2_not_commited, erm, 28, center0, 1, "{}", 0.86, 0.8608625, 0.86, 0.86, 0.8599163, 0.92499757, 0.8785047, 0.83555555, 0.8844444, 0.85649204, 0.86444443, 0.8032787, 23, 0:29:59.598789
0, erm_dinov2, mname_dset_te_center0_erm_b888c1ef2_not_commited_2024md_07md_20_15_26_13_seed_2_22504810, commit_b888c1ef2_not_commited, erm, 6, center0, 2, "{}", 0.44675925, 0.44109136, 0.44675928, 0.44675928, 0.4331238, 0.44326562, 0.42281878, 0.29166666, 0.6018519, 0.3452055, 0.5462963, 0.68388104, 1, 0:06:28.491804
