param_index, method, mname, commit, algo, epos, te_d, seed, params, acc, precision, recall, specificity, f1, auroc, binary_precision, binary_recall, binary_specificity, binary_f1_score, acc_oracle, acc_val, model_selection_epoch, experiment_duration
2, irm_dinov2_config2, mname_dset_te_center0_erm_b888c1ef2_not_commited_2024md_07md_20_12_53_25_seed_0_22504804, commit_b888c1ef2_not_commited, erm, 30, center0, 0, "{'gamma_reg': 0.0001}", 0.7883721, 0.79018635, 0.7883721, 0.7883721, 0.78804076, 0.865484, 0.81313133, 0.74883723, 0.82790697, 0.779661, 0.7930232, 0.75931674, 28, 0:40:44.092819
2, irm_dinov2_config2, mname_dset_te_center0_erm_b888c1ef2_not_commited_2024md_07md_20_13_35_30_seed_1_22504804, commit_b888c1ef2_not_commited, erm, 30, center0, 1, "{'gamma_reg': 0.0001}", 0.6888889, 0.737749, 0.6888889, 0.6888889, 0.672039, 0.8564148, 0.8455285, 0.46222222, 0.91555554, 0.59770113, 0.6888889, 0.64246684, 27, 0:41:09.193156
2, irm_dinov2_config2, mname_dset_te_center0_erm_b888c1ef2_not_commited_2024md_07md_20_14_18_05_seed_2_22504804, commit_b888c1ef2_not_commited, erm, 30, center0, 2, "{'gamma_reg': 0.0001}", 0.4837963, 0.48275822, 0.4837963, 0.4837963, 0.47590783, 0.4667781, 0.4785276, 0.3611111, 0.6064815, 0.41160947, 0.5671296, 0.685446, 6, 0:40:11.248579
