param_index, method, mname, commit, algo, epos, te_d, seed, params, acc, precision, recall, specificity, f1, auroc, binary_precision, binary_recall, binary_specificity, binary_f1_score, acc_oracle, acc_val, model_selection_epoch, experiment_duration
3, irm_dinov2_config3, mname_dset_te_center0_erm_b888c1ef2_not_commited_2024md_07md_20_11_19_17_seed_0_22478448, commit_b888c1ef2_not_commited, erm, 30, center0, 0, "{'gamma_reg': 0.001}", 0.88139534, 0.88581055, 0.88139534, 0.88139534, 0.881055, 0.91904813, 0.9270833, 0.82790697, 0.9348837, 0.8746928, 0.88139534, 0.88121116, 27, 0:31:42.563208
3, irm_dinov2_config3, mname_dset_te_center0_erm_b888c1ef2_not_commited_2024md_07md_20_11_52_05_seed_1_22478448, commit_b888c1ef2_not_commited, erm, 30, center0, 1, "{'gamma_reg': 0.001}", 0.8422222, 0.84228307, 0.8422222, 0.8422222, 0.8422152, 0.9175704, 0.8377193, 0.8488889, 0.83555555, 0.84326714, 0.88666666, 0.87431693, 16, 0:32:03.487659
3, irm_dinov2_config3, mname_dset_te_center0_erm_b888c1ef2_not_commited_2024md_07md_20_12_25_12_seed_2_22478448, commit_b888c1ef2_not_commited, erm, 30, center0, 2, "{'gamma_reg': 0.001}", 0.8657407, 0.866873, 0.8657408, 0.8657408, 0.86563706, 0.9310057, 0.8872549, 0.837963, 0.8935185, 0.8619048, 0.8657407, 0.85524255, 13, 0:31:18.596203
