param_index, method, mname, commit, algo, epos, te_d, seed, params, acc, precision, recall, specificity, f1, auroc, binary_precision, binary_recall, binary_specificity, binary_f1_score, acc_oracle, acc_val, model_selection_epoch, experiment_duration
8, irm_dinov2_config8, mname_dset_te_center0_erm_b888c1ef2_not_commited_2024md_07md_22_21_39_33_seed_0_22755940, commit_b888c1ef2_not_commited, erm, 30, center0, 0, "{'gamma_reg': 100.0}", 0.8488372, 0.87520945, 0.84883726, 0.84883726, 0.8461336, 0.9231909, 0.9746835, 0.7162791, 0.98139536, 0.8257373, 0.86744183, 0.86568326, 28, 0:44:27.080879
8, irm_dinov2_config8, mname_dset_te_center0_erm_b888c1ef2_not_commited_2024md_07md_22_22_25_11_seed_1_22755940, commit_b888c1ef2_not_commited, erm, 30, center0, 1, "{'gamma_reg': 100.0}", 0.8333333, 0.8472222, 0.8333334, 0.8333334, 0.83164984, 0.91855806, 0.9166667, 0.73333335, 0.93333334, 0.8148148, 0.8577778, 0.85480094, 19, 0:44:37.223713
8, irm_dinov2_config8, mname_dset_te_center0_erm_b888c1ef2_not_commited_2024md_07md_22_23_11_00_seed_2_22755940, commit_b888c1ef2_not_commited, erm, 30, center0, 2, "{'gamma_reg': 100.0}", 0.8634259, 0.86362076, 0.86342597, 0.86342597, 0.8634076, 0.93795013, 0.8552036, 0.875, 0.8518519, 0.86498857, 0.8634259, 0.85211265, 28, 0:43:23.324220
