param_index, method, mname, commit, algo, epos, te_d, seed, params, acc, precision, recall, specificity, f1, auroc, binary_precision, binary_recall, binary_specificity, binary_f1_score, acc_oracle, acc_val, model_selection_epoch, experiment_duration
10, irm_resnet_config2, mname_dset_te_center0_erm_b44271c83_not_commited_2024md_05md_27_19_33_17_seed_0_20897896, commit_b44271c83_not_commited, erm, 22, center0, 0, "{'gamma_reg': 0.0005}", 0.9637264, 0.8580371, 0.5962838, 0.5962838, 0.645702, 0.9358907, 0.75, 0.1954023, 0.99716526, 0.3100304, 0.9785874, 0.9706258, 2, 7:18:25.211711
10, irm_resnet_config2, mname_dset_te_center1_erm_b44271c83_not_commited_2024md_05md_28_03_00_58_seed_0_20897896, commit_b44271c83_not_commited, erm, 30, center1, 0, "{'gamma_reg': 0.0005}", 0.9918194, 0.6202702, 0.6957684, 0.6957684, 0.64878076, 0.8230424, 0.24324325, 0.3970588, 0.99447805, 0.30167598, 0.9950262, 0.96257615, 28, 10:21:46.239997
10, irm_resnet_config2, mname_dset_te_center2_erm_b44271c83_not_commited_2024md_05md_28_13_34_54_seed_0_20897896, commit_b44271c83_not_commited, erm, 30, center2, 0, "{'gamma_reg': 0.0005}", 0.9634533, 0.8302858, 0.569888, 0.569888, 0.608795, 0.8947419, 0.69491524, 0.1423611, 0.9974149, 0.23631123, 0.9644187, 0.9758003, 25, 9:41:18.256472
10, irm_resnet_config2, mname_dset_te_center3_erm_b44271c83_not_commited_2024md_05md_28_23_25_31_seed_0_20897896, commit_b44271c83_not_commited, erm, 30, center3, 0, "{'gamma_reg': 0.0005}", 0.95878506, 0.70116556, 0.866156, 0.866156, 0.75642556, 0.9587368, 0.4099379, 0.76744187, 0.9648701, 0.534413, 0.97052234, 0.97368896, 24, 9:44:24.562587
