param_index, method, mname, commit, algo, epos, te_d, seed, params, acc, precision, recall, specificity, f1, auroc, binary_precision, binary_recall, binary_specificity, binary_f1_score, acc_oracle, acc_val, model_selection_epoch, experiment_duration
11, irm_resnet_config3, mname_dset_te_center0_erm_b44271c83_not_commited_2024md_05md_27_19_33_02_seed_0_20897891, commit_b44271c83_not_commited, erm, 30, center0, 0, "{'gamma_reg': 0.001}", 0.9683605, 0.8404105, 0.70314467, 0.70314467, 0.7526891, 0.9530214, 0.7058824, 0.41379312, 0.99249625, 0.5217391, 0.9757111, 0.97153044, 29, 9:19:59.190755
11, irm_resnet_config3, mname_dset_te_center1_erm_b44271c83_not_commited_2024md_05md_28_05_01_37_seed_0_20897891, commit_b44271c83_not_commited, erm, 30, center1, 0, "{'gamma_reg': 0.001}", 0.99149215, 0.6076407, 0.6736439, 0.6736439, 0.63269204, 0.79276377, 0.21818182, 0.3529412, 0.99434656, 0.26966292, 0.9941754, 0.9629778, 27, 9:55:04.634114
11, irm_resnet_config3, mname_dset_te_center2_erm_b44271c83_not_commited_2024md_05md_28_15_08_31_seed_0_20897891, commit_b44271c83_not_commited, erm, 23, center2, 0, "{'gamma_reg': 0.001}", 0.9622121, 0.79716855, 0.5575916, 0.5575916, 0.58974004, 0.85182106, 0.6296296, 0.11805555, 0.99712765, 0.19883038, 0.96235, 0.9772206, 3, 7:00:39.896875
11, irm_resnet_config3, mname_dset_te_center3_erm_b44271c83_not_commited_2024md_05md_28_22_17_55_seed_0_20897891, commit_b44271c83_not_commited, erm, 30, center3, 0, "{'gamma_reg': 0.001}", 0.9626378, 0.7137111, 0.8484419, 0.8484419, 0.7628875, 0.9501834, 0.4363002, 0.7267442, 0.9701396, 0.5452563, 0.9663113, 0.9724275, 15, 9:13:13.601149
