param_index, method, mname, commit, algo, epos, te_d, seed, params, acc, precision, recall, specificity, f1, auroc, binary_precision, binary_recall, binary_specificity, binary_f1_score, acc_oracle, acc_val, model_selection_epoch, experiment_duration
8, erm_resnet, mname_dset_te_center0_erm_b44271c83_not_commited_2024md_05md_27_19_33_02_seed_0_20897895, commit_b44271c83_not_commited, erm, 30, center0, 0, "{}", 0.9694791, 0.91420454, 0.6597523, 0.6597523, 0.72612774, 0.94585514, 0.85714287, 0.3218391, 0.9976655, 0.4679666, 0.97267497, 0.98616433, 29, 9:47:35.846154
8, erm_resnet, mname_dset_te_center1_erm_b44271c83_not_commited_2024md_05md_28_05_28_53_seed_0_20897895, commit_b44271c83_not_commited, erm, 30, center1, 0, "{}", 0.99005234, 0.5894568, 0.67292076, 0.67292076, 0.6174967, 0.7471525, 0.18181819, 0.3529412, 0.9929004, 0.24, 0.9946335, 0.98366475, 27, 10:04:52.603085
8, erm_resnet, mname_dset_te_center2_erm_b44271c83_not_commited_2024md_05md_28_15_44_53_seed_0_20897895, commit_b44271c83_not_commited, erm, 30, center2, 0, "{}", 0.96414286, 0.79620105, 0.62017614, 0.62017614, 0.667397, 0.9166185, 0.622807, 0.24652778, 0.9938245, 0.3532338, 0.9627638, 0.98634326, 25, 9:53:52.159520
