param_index, method, mname, commit, algo, epos, te_d, seed, params, acc, precision, recall, specificity, f1, auroc, binary_precision, binary_recall, binary_specificity, binary_f1_score, acc_oracle, acc_val, model_selection_epoch, experiment_duration
9, irm_resnet_config1, mname_dset_te_center0_erm_b44271c83_not_commited_2024md_05md_27_19_33_11_seed_0_20897890, commit_b44271c83_not_commited, erm, 30, center0, 0, "{'gamma_reg': 0.0001}", 0.9642058, 0.8536277, 0.6075279, 0.6075279, 0.6594422, 0.9444655, 0.74025977, 0.21839081, 0.996665, 0.33727813, 0.97746885, 0.97190297, 11, 9:41:40.894386
9, irm_resnet_config1, mname_dset_te_center1_erm_b44271c83_not_commited_2024md_05md_28_05_23_27_seed_0_20897890, commit_b44271c83_not_commited, erm, 23, center1, 0, "{'gamma_reg': 0.0001}", 0.9915576, 0.6086416, 0.6736767, 0.6736767, 0.63347036, 0.8413242, 0.22018349, 0.3529412, 0.9944123, 0.27118644, 0.99528795, 0.96424985, 3, 7:37:28.286510
9, irm_resnet_config1, mname_dset_te_center2_erm_b44271c83_not_commited_2024md_05md_28_13_12_44_seed_0_20897890, commit_b44271c83_not_commited, erm, 30, center2, 0, "{'gamma_reg': 0.0001}", 0.9627638, 0.82236356, 0.55787885, 0.55787885, 0.5910605, 0.90820515, 0.68, 0.11805555, 0.9977021, 0.20118344, 0.96414286, 0.9744346, 21, 9:21:50.333962
9, irm_resnet_config1, mname_dset_te_center3_erm_b44271c83_not_commited_2024md_05md_28_22_43_45_seed_0_20897890, commit_b44271c83_not_commited, erm, 30, center3, 0, "{'gamma_reg': 0.0001}", 0.9621898, 0.71751857, 0.9016868, 0.9016868, 0.77868223, 0.95936656, 0.44036698, 0.8372093, 0.96616435, 0.57715434, 0.9693576, 0.97182673, 16, 9:27:21.512447
